arm,held_out_study,n_records,n_selections,intercept,intercept_se,slope,slope_se,se_method,n_bootstrap_replicates
calibration_auc,StudyA,39,1404,-2.1693741503058535,0.543181815662475,1.9985966253595855,0.31796872138320975,cluster,
calibration_auc,StudyB,56,781,-0.15438317096070736,0.4666031130941646,1.577555787148789,0.4521010148493724,cluster,
calibration_auc,StudyD,34,1230,0.38876469986737494,0.4665131157692532,0.838861898589683,0.1928102630035328,cluster,
calibration_auc,StudyE,8,240,0.9504469080854929,0.5403202547858648,0.7824419795079895,0.2900112040792604,cluster,
calibration_auc,StudyF,89,1067,-0.9317512200739058,0.1303313202929584,1.4181210120436405,0.1084929598728886,cluster,
calibration_auc,StudyG,40,1198,-1.0294058862657236,0.4569726871443687,1.3986114092253008,0.22525043537088268,cluster,
calibration_auc,StudyH,64,1926,1.705301094449415,0.33689704101162954,0.18516677798939624,0.24176164064451475,cluster,
calibration_auc,StudyI,26,948,-0.5035507545094049,0.5836060034951767,1.0435383608366,0.44575342450065514,cluster,
calibration_auc,StudyJ,40,1812,0.4909180904729128,0.36356647174470247,0.326385287127395,0.19861948073710872,cluster,
calibration_auc,StudyK,16,480,0.7265345629843132,0.7658400801485918,0.47982290448106835,0.34341284819131224,cluster,
calibration_auc,StudyL,33,990,-1.087961308380885,0.2312593087399356,1.775099851964887,0.18464751274329294,cluster,
calibration_auc,StudyM,42,1260,0.47653333791328867,0.28351837370124383,0.8884824093937631,0.2085245267538385,cluster,
calibration_auc,StudyN,16,480,-0.6711960031669567,0.3901625364629402,1.1449856053576308,0.23659118655848424,cluster,
calibration_auc,StudyO,34,1187,0.5049202264171728,0.6485799027578684,0.5827690750192178,0.25704431426769775,cluster,
calibration_auc,StudyQ,54,1944,-0.0944016307519599,0.21865107524731664,1.1077499918528588,0.13436722917566715,cluster,
calibration_auc,StudyR,80,1440,1.278265793507404,0.4814822623773513,0.7625630241599328,0.2060356790901462,cluster,
calibration_auc,StudyS1,20,360,1.994744974161983,2.643208872563378,1.3117525224277344,0.7795950177105702,cluster,
calibration_auc,StudyS2,48,864,-2.0220294322311405,1.3958363144817805,2.184667007907801,0.4945868768670951,cluster,
calibration_auc_ea_session,StudyA,39,1404,-2.271295566240898,0.5319411751271161,2.0718632682996354,0.3185468296776726,cluster,
calibration_auc_ea_session,StudyB,56,781,0.00039598386764710947,0.4380197603997315,1.4495550608536374,0.4219307431549238,cluster,
calibration_auc_ea_session,StudyD,34,1230,0.5505164720061848,0.43434026551774335,0.8013281993810226,0.1852884064563952,cluster,
calibration_auc_ea_session,StudyE,8,240,0.9908053746650718,0.5031018543363731,0.754954135513344,0.2618964221098087,cluster,
calibration_auc_ea_session,StudyF,89,1067,-1.0137345954520351,0.23197822030278167,1.3265529665938285,0.12816272393621075,cluster,
calibration_auc_ea_session,StudyG,40,1198,-1.0722107102762428,0.475239791115701,1.3718874797580018,0.22978815884872655,cluster,
calibration_auc_ea_session,StudyH,64,1926,1.6424666566287789,0.3139999784885097,0.19122885520293592,0.2112458333076777,cluster,
calibration_auc_ea_session,StudyI,26,948,-0.7273747478904972,0.5743048627472728,1.4942943604508498,0.6184502584817279,cluster,
calibration_auc_ea_session,StudyJ,40,1812,0.3348999728185894,0.4173933310996137,0.5151257573419699,0.2823006872176366,cluster,
calibration_auc_ea_session,StudyK,16,480,0.7205997164698945,0.8010271215752406,0.42099367181602,0.31462027284754307,cluster,
calibration_auc_ea_session,StudyL,33,990,-1.157952600686166,0.23865228040152686,1.8335805902353295,0.19274624325230394,cluster,
calibration_auc_ea_session,StudyM,42,1260,0.49057171818814005,0.26859782378646735,0.9488733949880277,0.21935834691541492,cluster,
calibration_auc_ea_session,StudyN,16,480,-0.4739376624970531,0.3091804481304715,1.0919836425809373,0.21942604360940712,cluster,
calibration_auc_ea_session,StudyO,34,1187,0.5425445836543517,0.6185076565477863,0.545236182903857,0.23385136260146847,cluster,
calibration_auc_ea_session,StudyQ,54,1944,0.021738761554285835,0.2108588863570196,1.0579912567718937,0.12989015443575322,cluster,
calibration_auc_ea_session,StudyR,80,1440,1.4562274495465048,0.41846149927329757,0.6850069089724904,0.18191975760277646,cluster,
calibration_auc_ea_session,StudyS1,20,360,1.6162931752744554,2.7565751289807645,1.3827590762200472,0.7860427918430407,cluster,
calibration_auc_ea_session,StudyS2,48,864,-1.8150870176130482,1.3278541888230249,2.0519538386397422,0.4517329024174375,cluster,
calibration_auc_ea_cohort,StudyA,39,1404,-2.3162955787633077,0.5354694520997799,2.161445391982098,0.33017276350393027,cluster,
calibration_auc_ea_cohort,StudyB,56,781,-0.08362627650266677,0.4665842833660031,1.546659109663135,0.4659431469841074,cluster,
calibration_auc_ea_cohort,StudyD,34,1230,0.5249976211228448,0.4444512303651313,0.8338882280925413,0.1959851204732522,cluster,
calibration_auc_ea_cohort,StudyE,8,240,0.8761873819007904,0.49348336079697946,0.8296499231882888,0.271748610834072,cluster,
calibration_auc_ea_cohort,StudyF,89,1067,-1.016174347993386,0.25037915771946445,1.3912036059395256,0.13990008598428694,cluster,
calibration_auc_ea_cohort,StudyG,40,1198,-1.104985137359502,0.47193426713881365,1.4299161827902998,0.23244313008048667,cluster,
calibration_auc_ea_cohort,StudyH,64,1926,1.7535926866497322,0.3333398432902933,0.1266569958080504,0.2186607783866397,cluster,
calibration_auc_ea_cohort,StudyI,26,948,-0.839154653084338,0.6177899082003849,1.4860111477338203,0.6142970024025717,cluster,
calibration_auc_ea_cohort,StudyJ,40,1812,0.4831746178048312,0.4062979220837107,0.34183877518575584,0.24872295819806148,cluster,
calibration_auc_ea_cohort,StudyK,16,480,0.7253840016429844,0.8049856732356508,0.4260157081628112,0.3261312251325546,cluster,
calibration_auc_ea_cohort,StudyL,33,990,-1.1852119293557946,0.24134234446012154,1.9027831530762747,0.19993122695068613,cluster,
calibration_auc_ea_cohort,StudyM,42,1260,0.3808696555186909,0.2713570866774758,1.0098835082391893,0.2216517825930078,cluster,
calibration_auc_ea_cohort,StudyN,16,480,-0.6200863737564342,0.39031173757563287,1.1560222023681603,0.2410844371899446,cluster,
calibration_auc_ea_cohort,StudyO,34,1187,0.5493361768650852,0.6597210244535086,0.5606823277534233,0.25719453729323527,cluster,
calibration_auc_ea_cohort,StudyQ,54,1944,0.00956349432808995,0.20831229259536505,1.0862826933717007,0.13034371120636043,cluster,
calibration_auc_ea_cohort,StudyR,80,1440,1.4334961636276398,0.4288606853482004,0.7173526547274954,0.19244688440547203,cluster,
calibration_auc_ea_cohort,StudyS1,20,360,1.6521158213165803,2.7505224300148683,1.4146175025186556,0.8090666190142972,cluster,
calibration_auc_ea_cohort,StudyS2,48,864,-1.6972522401556764,1.299549977343394,2.0731046005660607,0.45711606335120064,cluster,
calibration_auc_cohort_z,StudyA,39,1404,-1.634128890250612,0.46169436785273266,1.8264949854140675,0.2905880395051992,cluster,
calibration_auc_cohort_z,StudyB,56,781,-0.8313520446761564,0.6513231612224887,2.1689740491926064,0.6215915638674296,cluster,
calibration_auc_cohort_z,StudyD,34,1230,1.012251840896664,0.3361483736737449,0.710203410786296,0.16323843847232683,cluster,
calibration_auc_cohort_z,StudyE,8,240,0.8895568206635125,0.5603511941616787,0.9742601440069603,0.3611083822823004,cluster,
calibration_auc_cohort_z,StudyF,89,1067,-3.085768295891898,0.2894172021194625,2.767124129351049,0.21169807412722338,cluster,
calibration_auc_cohort_z,StudyG,40,1198,-0.011647064566192467,0.31307289842787245,1.353928497178881,0.21805412242383418,cluster,
calibration_auc_cohort_z,StudyH,64,1926,1.6625715334294502,0.3861130747541609,0.18847622088477342,0.24608259039961536,cluster,
calibration_auc_cohort_z,StudyI,26,948,-1.1983096625063288,0.8605246219869311,1.0323596157995671,0.4409783591375752,cluster,
calibration_auc_cohort_z,StudyJ,40,1812,0.06401419437397565,0.5990983061347929,0.4395650949191182,0.2674942601469508,cluster,
calibration_auc_cohort_z,StudyK,16,480,-0.25925998936838335,1.3962766517735807,0.7933726998699449,0.56782278627201,cluster,
calibration_auc_cohort_z,StudyL,33,990,-1.431361690104498,0.26342517733380644,2.0401443566978026,0.2122176849288389,cluster,
calibration_auc_cohort_z,StudyM,42,1260,-0.2540093561988208,0.43089110905821953,1.0946601073660165,0.2569138999617946,cluster,
calibration_auc_cohort_z,StudyN,16,480,-2.633311351209371,0.7279578738121381,2.0808928924988335,0.42998000693959776,cluster,
calibration_auc_cohort_z,StudyO,34,1187,1.2123692960401984,0.35290677302641793,0.4955302993920837,0.21856555446409837,cluster,
calibration_auc_cohort_z,StudyQ,54,1944,-0.09806427835592552,0.2190669197967546,0.9756031823520284,0.1183381605522209,cluster,
calibration_auc_cohort_z,StudyR,80,1440,2.3465606648747084,0.23723529288827663,0.586766272748517,0.1585374370939585,cluster,
calibration_auc_cohort_z,StudyS1,20,360,4.48133410209052,1.3859637922414267,0.9542098363037699,0.5671018134244452,cluster,
calibration_auc_cohort_z,StudyS2,48,864,1.7818412954448355,0.6012367530611742,1.3928539047827941,0.31532826751404225,cluster,
calibration_auc_cohort_rank,StudyA,39,1404,-1.762694049026842,0.6484538330387466,1.8902871823298937,0.3926883257591544,cluster,
calibration_auc_cohort_rank,StudyB,56,781,-0.6285638930954134,0.7316290915321219,2.013278611578935,0.6405279151274497,cluster,
calibration_auc_cohort_rank,StudyD,34,1230,0.8469094828605539,0.4379851295538317,0.8155721602368633,0.2355503428000066,cluster,
calibration_auc_cohort_rank,StudyE,8,240,0.7465506728230742,0.6991078156722158,1.0490816110581476,0.41301747233295005,cluster,
calibration_auc_cohort_rank,StudyF,89,1067,-3.5402552640013614,0.4796328023372303,3.1117672844999937,0.3563500661857071,cluster,
calibration_auc_cohort_rank,StudyG,40,1198,-0.17809350928633955,0.6946573987039741,1.4594986249512845,0.4497501452652836,cluster,
calibration_auc_cohort_rank,StudyH,64,1926,1.7796775834987517,0.3697531581925013,0.1195910578249226,0.23902700757347897,cluster,
calibration_auc_cohort_rank,StudyI,26,948,-1.1379352143816193,0.7513634561404141,0.9875349038819492,0.3534562365747963,cluster,
calibration_auc_cohort_rank,StudyJ,40,1812,-0.009319024727605263,0.5814215813331861,0.47947921032102847,0.25737569982755604,cluster,
calibration_auc_cohort_rank,StudyK,16,480,-0.2363919451383874,1.3548276792016487,0.7695466027088461,0.5491865108439109,cluster,
calibration_auc_cohort_rank,StudyL,33,990,-1.9613033433860787,0.35647611070889756,2.3708485927705505,0.24409281569545938,cluster,
calibration_auc_cohort_rank,StudyM,42,1260,-0.07568838936450836,0.47807066017693195,0.9772690990695112,0.26867159297895177,cluster,
calibration_auc_cohort_rank,StudyN,16,480,-3.032201400604963,0.6913449196718852,2.3334992627632927,0.39579066053219014,cluster,
calibration_auc_cohort_rank,StudyO,34,1187,1.3030970380958982,0.3697997850340394,0.44070862862904003,0.21985147241188993,cluster,
calibration_auc_cohort_rank,StudyQ,54,1944,-0.05443098446255895,0.21117302400925858,0.95923547175918,0.11421032750567944,cluster,
calibration_auc_cohort_rank,StudyR,80,1440,2.1320381530246766,0.3128252285707782,0.7391906329424912,0.22633901863276987,cluster,
calibration_auc_cohort_rank,StudyS1,20,360,2.4768170227601285,1.88809202998897,2.50192547676912,1.1374194645221645,cluster,
calibration_auc_cohort_rank,StudyS2,48,864,1.0454179686424478,0.6851079416494138,1.9816426335639152,0.42849867223640487,cluster,
calibration_auc_rbf,StudyA,39,1404,-2.912975374275166,0.9022937022057105,2.2267631647472124,0.5026858254246634,cluster,
calibration_auc_rbf,StudyB,56,781,-0.5430356132274681,0.6880050155617907,1.5794127448617632,0.46054260347924797,cluster,
calibration_auc_rbf,StudyD,34,1230,0.6696670292991673,0.5592216028845681,0.781975900328527,0.2406862258083065,cluster,
calibration_auc_rbf,StudyE,8,240,1.9025325371427424,0.5230238891837633,0.32221592449675973,0.360485927131325,cluster,
calibration_auc_rbf,StudyF,89,1067,-1.6020628366402956,0.4541746043043516,1.736394462432108,0.3315806325832417,cluster,
calibration_auc_rbf,StudyG,40,1198,-0.6643658677390334,1.1985426154449923,1.410678485442256,0.5891066386455982,cluster,
calibration_auc_rbf,StudyH,64,1926,1.7165848155911116,0.3640178901303011,0.18692386458330912,0.23073427907431937,cluster,
calibration_auc_rbf,StudyI,26,948,-0.20988053239196097,0.5950499482196452,0.875403028837402,0.4245513363472254,cluster,
calibration_auc_rbf,StudyJ,40,1812,0.48338610302769086,0.3412013038705624,0.3860217864676543,0.21647593628844433,cluster,
calibration_auc_rbf,StudyK,16,480,0.32787336732695077,0.46787584626061235,2.155221256672475,0.8740191754156392,cluster,
calibration_auc_rbf,StudyL,33,990,-2.1883418091970315,0.634745036687213,2.104349882212947,0.40047715124651856,cluster,
calibration_auc_rbf,StudyM,42,1260,0.1122863187492848,0.4642275149552002,1.101634270329748,0.36995881453512913,cluster,
calibration_auc_rbf,StudyN,16,480,-0.9412244887004653,0.4974589978658927,1.214547199820508,0.23955392727886793,cluster,
calibration_auc_rbf,StudyO,34,1187,0.5302471391996504,0.4372291503509784,0.5922181016462783,0.17875547472914133,cluster,
calibration_auc_rbf,StudyQ,54,1944,0.29775657596226135,0.295493737673977,0.6739105135192375,0.14149715277134955,cluster,
calibration_auc_rbf,StudyR,80,1440,1.9509360370406168,0.7257178334035641,0.49031939159953253,0.3115734008392093,cluster,
calibration_auc_rbf,StudyS1,20,360,1.7625337421029326,3.155188050007248,1.5165791729285194,1.0634854580397208,cluster,
calibration_auc_rbf,StudyS2,48,864,-0.15888615302045572,1.0085877094043834,1.8986726792593347,0.4382450085318813,cluster,
calibration_auc_gbm,StudyA,39,1404,-2.3906856022832033,0.6998008622996352,2.199861745499245,0.41615651123841885,cluster,
calibration_auc_gbm,StudyB,56,781,-0.35541579814359536,0.5647941446116079,1.55636194515324,0.4459451636826599,cluster,
calibration_auc_gbm,StudyD,34,1230,0.33659391044398046,0.6898936189775612,0.9538995157694834,0.3126609120656773,cluster,
calibration_auc_gbm,StudyE,8,240,1.8525679406104396,0.5390677140029484,0.3723270451128615,0.38033666199284216,cluster,
calibration_auc_gbm,StudyF,89,1067,-1.7537340797390555,0.481730686253116,1.8151688621658493,0.3352331174030584,cluster,
calibration_auc_gbm,StudyG,40,1198,-0.6013841906082422,0.6019785703724929,1.3934098971612574,0.3004863920079545,cluster,
calibration_auc_gbm,StudyH,64,1926,1.808396091611661,0.2784606723146772,0.13044274132950293,0.2362257518417991,cluster,
calibration_auc_gbm,StudyI,26,948,0.3234695872238037,0.5121141672087449,0.29026118933723466,0.3122765681951785,cluster,
calibration_auc_gbm,StudyJ,40,1812,0.5334170352632852,0.39635610315623615,0.2817567284497953,0.22819819158021473,cluster,
calibration_auc_gbm,StudyK,16,480,0.29547970638262033,0.8342380156850272,0.9996830551967839,0.5178592503640187,cluster,
calibration_auc_gbm,StudyL,33,990,-1.4365673028993444,0.3494650278080383,1.8540415995787722,0.2376665097468969,cluster,
calibration_auc_gbm,StudyM,42,1260,0.27229549990736424,0.4119371765182187,0.9479498147098527,0.3072722312569833,cluster,
calibration_auc_gbm,StudyN,16,480,-0.8448120389622314,0.804663930622153,1.0395015693737903,0.3908779386053157,cluster,
calibration_auc_gbm,StudyO,34,1187,0.5930027025412046,0.5401756965668801,0.5848423941380692,0.22773630927085187,cluster,
calibration_auc_gbm,StudyQ,54,1944,-0.11793287304126371,0.32804896312312065,0.9822284056057042,0.16920441686496449,cluster,
calibration_auc_gbm,StudyR,80,1440,1.7898859328778038,0.6414164821373219,0.5678443445670637,0.294206043627081,cluster,
calibration_auc_gbm,StudyS1,20,360,3.170313095448118,2.517035078139605,0.9632049463973638,0.7838593066360552,cluster,
calibration_auc_gbm,StudyS2,48,864,0.46195412189665297,0.7754642136288032,1.4478375883825425,0.2992828578096782,cluster,
