held_out_study,n_records,n_selections,intercept,intercept_se,slope,slope_se,se_method,n_bootstrap_replicates,slope_ci_low,slope_ci_high,intercept_ci_low,intercept_ci_high
StudyA,39,1404,-2.1693741503058552,0.5431818156624735,1.9985966253595857,0.31796872138320853,cluster,,1.375389383238246,2.621803867480925,-3.233990946061378,-1.1047573545503326
StudyB,56,781,-0.1543831709607068,0.46660311309416397,1.5775557871487882,0.4521010148493718,cluster,,0.6914540806700112,2.463657493627565,-1.068908467699538,0.7601421257781242
StudyD,34,1230,0.38876469986737655,0.4665131157692549,0.838861898589682,0.19281026300353382,cluster,,0.46096072725306003,1.216763069926304,-0.5255842053559279,1.3031136050906809
StudyE,8,240,0.9504469080854956,0.5403202547858618,0.7824419795079876,0.290011204079258,cluster,,0.2140304643995462,1.350853494616429,-0.10856133141229929,2.0094551475832905
StudyF,89,1067,-0.9317512200739051,0.1303313202929587,1.4181210120436405,0.10849295987288883,cluster,,1.205478718116629,1.6307633059706519,-1.1871959139056585,-0.6763065262421517
StudyG,40,1198,-1.0294058862657214,0.45697268714436784,1.3986114092253006,0.22525043537088213,cluster,,0.9571286683964045,1.8400941500541967,-1.9250558949871721,-0.13375587754427065
StudyH,64,1926,1.7053010944494158,0.3368970410116288,0.18516677798939613,0.24176164064451458,cluster,,-0.2886773305171674,0.6590108864959596,1.0449950275685098,2.365607161330322
StudyI,26,948,-0.5035507545094049,0.5836060034951767,1.0435383608366,0.44575342450065514,cluster,,0.16987770282992176,1.9171990188432781,-1.6473975025213081,0.6402959935024983
StudyJ,40,1812,0.49091809047291324,0.3635664717447025,0.32638528712739523,0.1986194807371086,cluster,,-0.06290174174538465,0.7156723160001751,-0.22165910013300294,1.2034952810788293
StudyK,16,480,0.726534562984313,0.7658400801485916,0.4798229044810691,0.34341284819131246,cluster,,-0.19325390980222434,1.1528997187643626,-0.7744844120241949,2.227553537992821
StudyL,33,990,-1.0879613083808832,0.23125930873993486,1.7750998519648862,0.18464751274329272,cluster,,1.4131973771531317,2.1370023267766407,-1.5412212246007844,-0.634701392160982
StudyM,42,1260,0.47653333791328867,0.28351837370124383,0.8884824093937631,0.2085245267538385,cluster,,0.47978184706298066,1.2971829717245456,-0.07915246349651728,1.0322191393230946
StudyN,16,480,-0.6711960031669565,0.39016253646294013,1.1449856053576304,0.23659118655848407,cluster,,0.6812754006434046,1.6086958100718562,-1.4359005227511148,0.09350851641720181
StudyO,34,1187,0.504920226417173,0.6485799027578657,0.5827690750192174,0.2570443142676974,cluster,,0.07897147662373527,1.0865666734146995,-0.7662730240847342,1.7761134769190803
StudyQ,54,1944,-0.09440163075196029,0.21865107524731672,1.1077499918528582,0.13436722917566699,cluster,,0.8443950619661114,1.371104921739605,-0.5229498634176584,0.3341466019137378
StudyR,80,1440,1.2782657935073987,0.4814822623773354,0.7625630241599347,0.20603567909014045,cluster,,0.35874051361300713,1.1663855347068623,0.3345779000529566,2.221953686961841
StudyS1,20,360,1.9947449741619787,2.6432088725633895,1.311752522427733,0.7795950177105692,cluster,,-0.2162256348118481,2.8397306796673143,-3.1858492196789863,7.175339168002943
StudyS2,48,864,-2.022029432231135,1.3958363144817558,2.1846670079077977,0.49458687686708397,cluster,,1.2152945420221668,3.1540394737934285,-4.757818336928501,0.7137594724662311
StudyA,39,1404,-2.1693741503058552,0.24263397299304695,1.9985966253595857,0.14478948323641355,model,,1.7148144528760492,2.2823787978431223,-2.6449279987980914,-1.693820301813619
StudyB,56,781,-0.1543831709607068,0.23163139596221194,1.5775557871487882,0.17500665186943057,model,,1.2345490524297649,1.9205625218678115,-0.6083723647353787,0.2996060228139651
StudyD,34,1230,0.38876469986737655,0.3192217561761156,0.838861898589682,0.1526363566311215,model,,0.5397001368612724,1.1380236603180915,-0.23689844531943655,1.0144278450541897
StudyE,8,240,0.9504469080854956,0.6743227993678599,0.7824419795079876,0.36229767356429865,model,,0.07235158763931293,1.492532371376662,-0.37120149262973845,2.2720953088007296
StudyF,89,1067,-0.9317512200739051,0.1441400603536752,1.4181210120436405,0.0904579968654085,model,,1.2408265960738027,1.5954154280134782,-1.2142605470965382,-0.649241893051272
StudyG,40,1198,-1.0294058862657214,0.2915346671098958,1.3986114092253006,0.13744674987493738,model,,1.129220729678338,1.668002088772263,-1.6008033340459908,-0.4580084384854518
StudyH,64,1926,1.7053010944494158,0.16179994155538577,0.18516677798939613,0.09786167137346197,model,,-0.00663857336948373,0.37697212934827595,1.388179036300174,2.0224231525986576
StudyI,26,948,-0.5035507545094049,0.16219366981878094,1.0435383608366,0.14567026984698617,model,,0.7580298783182762,1.3290468433549238,-0.8214445058745967,-0.18565700314421307
StudyJ,40,1812,0.49091809047291324,0.08130085837465795,0.32638528712739523,0.05765981255682851,model,,0.213374131160681,0.43939644309410947,0.331571336146392,0.6502648447994345
StudyK,16,480,0.726534562984313,0.12671456366010342,0.4798229044810691,0.10544662759057086,model,,0.27315131211234267,0.6864944968497956,0.47817858189380236,0.9748905440748236
StudyL,33,990,-1.0879613083808832,0.22722116108310186,1.7750998519648862,0.155934065206537,model,,1.4694747001971533,2.080725003732619,-1.5333066006291372,-0.6426160161326294
StudyM,42,1260,0.47653333791328867,0.13119579381711707,0.8884824093937631,0.10466949492133816,model,,0.6833339690679422,1.093630849719584,0.21939430710859648,0.7336723687179809
StudyN,16,480,-0.6711960031669565,0.17541059730570507,1.1449856053576304,0.1206889891253408,model,,0.9084395333414161,1.3815316773738446,-1.014994456392797,-0.3273975499411159
StudyO,34,1187,0.504920226417173,0.4018849141163038,0.5827690750192174,0.15267147206117887,model,,0.2835384883125937,0.881999661725841,-0.28275973118075515,1.2926001840151011
StudyQ,54,1944,-0.09440163075196029,0.15484766125491262,1.1077499918528582,0.10580740787796754,model,,0.9003712831145022,1.315128700591214,-0.3978974699018474,0.2090942083979268
StudyR,80,1440,1.2782657935073987,0.5504633726949626,0.7625630241599347,0.2150770402494739,model,,0.34101977136949424,1.1841062769503752,0.19937740821682293,2.357154178797974
StudyS1,20,360,1.9947449741619787,4.220290006295052,1.311752522427733,1.5142471233998573,model,,-1.6561173031293663,4.279622347984833,-6.276871442490641,10.266361390814598
StudyS2,48,864,-2.022029432231135,1.0596416800411161,2.1846670079077977,0.4372180455945789,model,,1.3277353851514317,3.0415986306641636,-4.098888961629238,0.05483009716696774
StudyA,39,1404,-2.1693741503058552,0.5090106310575698,1.9985966253595857,0.30374718479665774,quasibinomial,,1.4032630827527042,2.5939301679664672,-3.167016654926697,-1.1717316456850133
StudyB,56,781,-0.1543831709607068,0.49541982078029867,1.5775557871487882,0.37430920685146596,quasibinomial,,0.8439232226381617,2.311188351659415,-1.1253881769173804,0.8166218349959669
StudyD,34,1230,0.38876469986737655,0.4747186647010377,0.838861898589682,0.22698743429248397,quasibinomial,,0.3939747024332614,1.2837490947461025,-0.5416667857356032,1.3191961854703562
StudyE,8,240,0.9504469080854956,0.7005726275357431,0.7824419795079876,0.37640108469855366,quasibinomial,,0.044709409757011986,1.5201745492589631,-0.42265021043915474,2.323544026610146
StudyF,89,1067,-0.9317512200739051,0.17382252338786924,1.4181210120436405,0.10908582414338056,quasibinomial,,1.2043167254987448,1.6319252985885362,-1.272437105616,-0.5910653345318102
StudyG,40,1198,-1.0294058862657214,0.469125650556907,1.3986114092253006,0.22117368267461113,quasibinomial,,0.9651189568549723,1.8321038615956289,-1.9488752655811818,-0.10993650695026091
StudyH,64,1926,1.7053010944494158,0.3875609948187845,0.18516677798939613,0.2344090260325895,quasibinomial,,-0.27426647068559123,0.6446000266643834,0.9456955027920837,2.464906686106748
StudyI,26,948,-0.5035507545094049,0.4461521526630191,1.0435383608366,0.40070062255728195,quasibinomial,,0.2581795720415494,1.8288971496316506,-1.3779929053539384,0.3708913963351286
StudyJ,40,1812,0.49091809047291324,0.24107019896197454,0.32638528712739523,0.17097067316471967,quasibinomial,,-0.008711074688024012,0.6614816489428145,0.018429182761537988,0.9634069981842885
StudyK,16,480,0.726534562984313,0.36549818597421385,0.4798229044810691,0.3041524982466304,quasibinomial,,-0.1163050378902083,1.0759508468523467,0.01017128206013107,1.442897843908495
StudyL,33,990,-1.0879613083808832,0.34136598950320085,1.7750998519648862,0.23426773374781787,quasibinomial,,1.3159435310793446,2.2342561728504275,-1.7570263533540351,-0.41889626340773145
StudyM,42,1260,0.47653333791328867,0.2588402807710919,0.8884824093937631,0.20650571687819438,quasibinomial,,0.48373864171087694,1.2932261770766493,-0.03078429014628692,0.9838509659728643
StudyN,16,480,-0.6711960031669565,0.33886291519253253,1.1449856053576304,0.23315023900966275,quasibinomial,,0.6880195339117858,1.601951676803475,-1.335355112640571,-0.007036893693342039
StudyO,34,1187,0.504920226417173,0.6436552774876132,0.5827690750192174,0.24451726168935564,quasibinomial,,0.1035240485097248,1.06201410152871,-0.7566209359176834,1.7664613887520295
StudyQ,54,1944,-0.09440163075196029,0.18477189780986422,1.1077499918528582,0.1262546388981009,quasibinomial,,0.8602954467314706,1.3552045369742456,-0.45654789581440947,0.2677446343104889
StudyR,80,1440,1.2782657935073987,0.7266542215228418,0.7625630241599347,0.28391832590925914,quasibinomial,,0.20609333082688153,1.319032717492988,-0.14595030989136126,2.702481896906159
StudyS1,20,360,1.9947449741619787,3.6266769382413795,1.311752522427733,1.301257760258448,quasibinomial,,-1.238665822282081,3.8621708671375474,-5.113411208353119,9.102901156677076
StudyS2,48,864,-2.022029432231135,1.1887978238110684,2.1846670079077977,0.4905090757788954,quasibinomial,,1.2232868852911345,3.146047130524461,-4.352030351800422,0.3079714873381514
StudyA,39,1404,-2.1693741503058552,0.7509423924333248,1.9985966253595857,0.4118127581403805,bootstrap,2000.0,1.191458451030336,2.8057347996888353,-3.6411941939395156,-0.6975541066721949
StudyB,56,781,-0.1543831709607068,0.49403699069086543,1.5775557871487882,0.48840795746027726,bootstrap,2000.0,0.620293780763874,2.534817793533702,-1.122677879745353,0.8139115378239394
StudyD,34,1230,0.38876469986737655,0.7839509625028348,0.838861898589682,0.31999067426654143,bootstrap,2000.0,0.21169170163857287,1.466032095540791,-1.14775095228369,1.9252803520184432
StudyE,8,240,0.9504469080854956,0.8899446061562307,0.7824419795079876,0.4519672363616856,bootstrap,1999.0,-0.10339752595301821,1.6682814849689933,-0.7938124682163994,2.6947062843873906
StudyF,89,1067,-0.9317512200739051,0.2806492087817861,1.4181210120436405,0.1493937521270683,bootstrap,2000.0,1.1253146383592825,1.7109273857279985,-1.4818135615758683,-0.381688878571942
StudyG,40,1198,-1.0294058862657214,0.7034043293101282,1.3986114092253006,0.30771751450974993,bootstrap,2000.0,0.7954961633740092,2.0017266550765918,-2.408053038283125,0.3492412657516819
StudyH,64,1926,1.7053010944494158,0.3795269880450904,0.18516677798939613,0.2767128887297466,bootstrap,2000.0,-0.3571805179789466,0.7275140739577388,0.961441866720075,2.4491603221787566
StudyI,26,948,-0.5035507545094049,0.656004450501375,1.0435383608366,0.5512265606899667,bootstrap,2000.0,-0.03684584543761704,2.1239225671108173,-1.7892958511900885,0.7821943421712787
StudyJ,40,1812,0.49091809047291324,0.3994870182381168,0.32638528712739523,0.23607815922305553,bootstrap,2000.0,-0.13631940248630597,0.7890899767410964,-0.2920620775650914,1.273898258510918
StudyK,16,480,0.726534562984313,0.8506746711774021,0.4798229044810691,1.2376054456788401,bootstrap,1997.0,-1.9458391961200996,2.905485005082238,-0.9407571550838485,2.3938262810524744
StudyL,33,990,-1.0879613083808832,0.4307238902550858,1.7750998519648862,0.2969862046579652,bootstrap,2000.0,1.1930175869300328,2.3571821169997396,-1.9321646205618341,-0.24375799619993233
StudyM,42,1260,0.47653333791328867,0.2893026138219819,0.8884824093937631,0.2112169350668477,bootstrap,2000.0,0.47450482373780645,1.3024599950497198,-0.09048936581109557,1.043556041637673
StudyN,16,480,-0.6711960031669565,0.4008053184213273,1.1449856053576304,0.29581500945559314,bootstrap,2000.0,0.5651988407382923,1.7247723699769684,-1.4567599920848662,0.1143679857509532
StudyO,34,1187,0.504920226417173,0.6800316998827424,0.5827690750192174,0.2673076359657111,bootstrap,2000.0,0.05885573573387992,1.1066824143045548,-0.827917413698553,1.837757866532899
StudyQ,54,1944,-0.09440163075196029,0.22527490875884207,1.1077499918528582,0.13692656924741167,bootstrap,2000.0,0.8393788476013015,1.3761211361044148,-0.5359323385398376,0.34712907703591694
StudyR,80,1440,1.2782657935073987,0.6847500627628096,0.7625630241599347,0.27078641424933575,bootstrap,2000.0,0.23183140472849295,1.2932946435913766,-0.06381966791924976,2.620351254934047
StudyS1,20,360,,,,,bootstrap,843.0,,,,
StudyS2,48,864,-2.022029432231135,3.5607321049564056,2.1846670079077977,1.3460826612570402,bootstrap,2000.0,-0.45360652836983073,4.8229405441854265,-9.000936116541187,4.9568772520789155
