study,participant_id,study_participant_id,session_id,n_calibration_epochs,calibration_auc_reproduced,calibration_auc_ea_session,calibration_auc_rbf,calibration_auc_gbm,calibration_auc_ea_cohort
StudyA,A_01,StudyA:A_01,SE001,12913,0.823748624741205,0.8123486235372628,0.7361843100873124,0.7363819105748249,0.8124299596217437
StudyA,A_02,StudyA:A_02,SE001,12924,0.8545073599240267,0.8436086671135691,0.806850525110329,0.8020101530640746,0.8436865258924082
StudyA,A_03,StudyA:A_03,SE001,12918,0.781253213927023,0.7705132180450445,0.6842527626226274,0.6595756060710404,0.7704911946702033
StudyA,A_04,StudyA:A_04,SE001,12917,0.8814919294209318,0.8649216977477728,0.7745610188543618,0.7723847684973246,0.8653507712843113
StudyA,A_05,StudyA:A_05,SE001,12910,0.7606979010509962,0.7486510544418985,0.7147163885822359,0.6830331428208418,0.7489113180455519
StudyA,A_06,StudyA:A_06,SE001,12857,0.9009273698787222,0.8847806670921043,0.7950370990213521,0.8088424851765919,0.8855711079837206
StudyA,A_07,StudyA:A_07,SE001,12889,0.7934403846299629,0.7833106893785672,0.7120717969192428,0.700288587587182,0.783479009910275
StudyA,A_09,StudyA:A_09,SE001,12822,0.6790569754649883,0.6730616601711851,0.6799782109993945,0.6515672303664475,0.6732659764684479
StudyA,A_14,StudyA:A_14,SE001,12840,0.7431842519660473,0.738015411863296,0.6372045593340286,0.6132169125350063,0.7380943990630445
StudyA,A_15,StudyA:A_15,SE001,12872,0.8066191730845329,0.7970769039395756,0.6981807189535352,0.6922457693966642,0.7966481818699562
StudyA,A_16,StudyA:A_16,SE001,12697,0.6845619776811014,0.6755323699300644,0.6278468754772204,0.6036210491575951,0.6755556021970054
StudyA,A_17,StudyA:A_17,SE001,12915,0.742815040943217,0.7294099242229488,0.6619174651430879,0.625075912721979,0.7293026463643435
StudyA,A_19,StudyA:A_19,SE001,12911,0.7956631201089319,0.7851831595312969,0.6980170029936149,0.6782029832051995,0.7855488265914037
StudyB,B_01,StudyB:B_01,SE001,4500,0.8288070000000001,0.81717,0.660229,0.6647015000000001,0.8162555
StudyB,B_01,StudyB:B_01,SE004,3767,0.8774703867897437,0.8817086011535258,0.7157789013645435,0.7366942356570054,0.8807278042006398
StudyB,B_01,StudyB:B_01,SE005,3765,0.8345086580426948,0.8491257614117049,0.6148439722496616,0.6500093635234294,0.8448106781335282
StudyB,B_01,StudyB:B_01,SE006,3780,0.8298767006802721,0.8209800170068028,0.6560345804988662,0.6898242630385486,0.8264236111111112
StudyB,B_01,StudyB:B_01,SE007,3778,0.7802057630675856,0.7795279219490059,0.6844068181173601,0.7059842876995943,0.7742888340565528
StudyB,B_01,StudyB:B_01,SE008,3780,0.8672300170068028,0.8569125566893424,0.7050510204081633,0.7738669217687074,0.8641737528344672
StudyB,B_02,StudyB:B_02,SE001,4474,0.8716118688495064,0.8708125038893153,0.746981258939101,0.7750495935127992,0.8689152769268363
StudyB,B_02,StudyB:B_02,SE002,3780,0.8277012471655328,0.8339540816326532,0.7339122732426304,0.7290107709750567,0.8349900793650793
StudyB,B_03,StudyB:B_03,SE001,3780,0.9428302154195012,0.95156037414966,0.8353380102040817,0.8613952664399093,0.9503110827664399
StudyB,B_03,StudyB:B_03,SE002,4496,0.9277892892892892,0.9346186186186188,0.8354254254254255,0.8422967967967968,0.9325640640640639
StudyB,B_03,StudyB:B_03,SE003,3780,0.8999596088435375,0.9164958900226756,0.8094274376417234,0.8023554421768706,0.9139647108843536
StudyB,B_03,StudyB:B_03,SE004,3755,0.9165059582784296,0.9122869150154924,0.7756035346764493,0.8042736721663587,0.9184724554186567
StudyB,B_03,StudyB:B_03,SE005,3780,0.9352586451247166,0.9497002551020408,0.8877054988662133,0.8855428004535147,0.9463917233560091
StudyB,B_03,StudyB:B_03,SE006,3780,0.9146669501133788,0.9223880385487528,0.7970556972789116,0.8068771258503402,0.9215320294784581
StudyB,B_04,StudyB:B_04,SE001,3780,0.8769734977324262,0.8767332766439909,0.7811635487528344,0.8287393707482994,0.8748249716553289
StudyB,B_04,StudyB:B_04,SE002,3752,0.7568332353348091,0.7586800751706329,0.6510697691846523,0.6376936912008855,0.7347158331027486
StudyB,B_04,StudyB:B_04,SE003,3762,0.8414864300267851,0.8360170898102149,0.7039394988667842,0.6953058824202742,0.8377455300931755
StudyB,B_04,StudyB:B_04,SE004,3767,0.7077562781042648,0.7051001844865883,0.6355199413748956,0.6048273040150782,0.7023193414370564
StudyB,B_04,StudyB:B_04,SE005,4315,0.6489797784313427,0.6384945609226731,0.5790369665687771,0.5248867448477341,0.6419863680199233
StudyB,B_04,StudyB:B_04,SE006,3780,0.6185430839002268,0.6092148526077098,0.5782901077097505,0.5824135487528345,0.6073554421768708
StudyB,B_04,StudyB:B_04,SE010,3780,0.5192247732426304,0.5207086167800453,0.5113421201814059,0.4940058106575963,0.520342970521542
StudyB,B_05,StudyB:B_05,SE001,6127,0.7317927434150052,0.688890087621937,0.6087520589602299,0.6600711829479134,0.6956027202522134
StudyB,B_06,StudyB:B_06,SE001,4500,0.918041,0.922539,0.856482,0.8638345,0.9231825
StudyB,B_06,StudyB:B_06,SE002,3779,0.9482725867959568,0.9637158167822056,0.9006443244162805,0.8829824636016954,0.9622031783835894
StudyB,B_06,StudyB:B_06,SE003,3777,0.8665382924096061,0.86976963558733,0.8133275174830134,0.782653871795963,0.86929018256096
StudyB,B_07,StudyB:B_07,SE001,3780,0.8625396825396826,0.8792687074829931,0.7950977891156462,0.795999858276644,0.8772385204081633
StudyB,B_08,StudyB:B_08,SE001,3772,0.7748783371426009,0.7446450192076771,0.7445339798292697,0.7085259024262817,0.751387814282369
StudyB,B_10,StudyB:B_10,SE001,3776,0.8165751461490438,0.8126085475906691,0.711767126397639,0.6929507917588966,0.8128306090016459
StudyB,B_10,StudyB:B_10,SE002,3780,0.867046485260771,0.8760041099773243,0.7856781462585034,0.7929280045351474,0.8797881235827665
StudyB,B_10,StudyB:B_10,SE003,3767,0.6770771849684776,0.6602830600251495,0.673502935532345,0.6491689549276739,0.6611669988565824
StudyB,B_10,StudyB:B_10,SE004,3777,0.8118729799681211,0.809882327133702,0.7448139754512265,0.7419544151184208,0.8074515227960019
StudyB,B_10,StudyB:B_10,SE005,3780,0.8362485827664399,0.833061933106576,0.7606363378684806,0.730796485260771,0.8337748015873016
StudyB,B_10,StudyB:B_10,SE006,3738,0.6586480572407725,0.6514242173389524,0.6262641538924651,0.6069067521882091,0.6545654262955588
StudyB,B_11,StudyB:B_11,SE001,3766,0.676584083584133,0.6744444993422998,0.6600968254957098,0.6256099927463226,0.6753495978970779
StudyB,B_11,StudyB:B_11,SE002,3776,0.7078047846075259,0.6798846415801123,0.6959127930075486,0.6702600885407797,0.6873226346557693
StudyB,B_11,StudyB:B_11,SE003,3685,0.8104628560789424,0.7680364922733198,0.7068776764103519,0.6939273878234965,0.7769353937814186
StudyB,B_11,StudyB:B_11,SE004,3773,0.7781048954028376,0.7717047988297615,0.7057255052334086,0.6823285472853025,0.7668299887804809
StudyB,B_12,StudyB:B_12,SE001,3769,0.6404858761087165,0.6392027927189826,0.5769408328286966,0.5721091440173832,0.6391415238841591
StudyB,B_12,StudyB:B_12,SE012,3763,0.6160147617310705,0.6025060613212607,0.6231295728109513,0.5886061464300785,0.6047339097846531
StudyB,B_13,StudyB:B_13,SE001,3447,0.7456681103432143,0.7384384040895379,0.7455210479784514,0.7061908955496004,0.7369660604142514
StudyB,B_13,StudyB:B_13,SE002,3446,0.7649330606597383,0.7580655379601683,0.7184172091840657,0.7169271341481442,0.755147051991286
StudyB,B_13,StudyB:B_13,SE003,3539,0.7605275872064933,0.7525912326472768,0.687975488775083,0.6694479337778207,0.7509445357039328
StudyB,B_14,StudyB:B_14,SE001,3780,0.7227366780045352,0.7053557256235827,0.6990773809523809,0.6841475340136054,0.707062074829932
StudyB,B_14,StudyB:B_14,SE002,2877,0.8119891474384044,0.8380340731325773,0.7293080269847477,0.7123240125146656,0.8351498337895972
StudyB,B_14,StudyB:B_14,SE003,3771,0.7888611786105071,0.7772903610862428,0.7186326753918517,0.6735423683051257,0.7766253144050816
StudyB,B_14,StudyB:B_14,SE004,2884,0.6432287051874195,0.5986652841926666,0.7123813114651083,0.6824783988437491,0.618687278097213
StudyB,B_16,StudyB:B_16,SE001,6082,0.528141265762136,0.5281676721040138,0.5530533353659864,0.5310056732800488,0.5279732996493673
StudyB,B_17,StudyB:B_17,SE001,3775,0.9295267123891664,0.936971078764639,0.8312081663305276,0.8256312919403428,0.9383180055811414
StudyB,B_17,StudyB:B_17,SE002,3778,0.9486549533452452,0.9605235542698318,0.8706982614367962,0.8656421055617006,0.9585602257579625
StudyB,B_17,StudyB:B_17,SE003,3778,0.9473419822498028,0.9562483436015236,0.8380825637815552,0.8605768991652107,0.95300055917881
StudyB,B_18,StudyB:B_18,SE001,3778,0.8702243323071065,0.8715785823857964,0.786373089502004,0.7862778798952126,0.8699500717979909
StudyB,B_18,StudyB:B_18,SE002,3780,0.7402097505668934,0.7326318027210885,0.6281653911564625,0.624109268707483,0.7377437641723356
StudyB,B_18,StudyB:B_18,SE003,3777,0.711425308878392,0.6990063406953487,0.5871845610451508,0.5701129126062102,0.7039100954650552
StudyB,B_18,StudyB:B_18,SE004,3779,0.6411935241497612,0.6386502502161924,0.5979607025900566,0.5623045407505068,0.6358851131997902
StudyB,B_19,StudyB:B_19,SE001,3779,0.5939622053048668,0.5832971831185585,0.617520804094189,0.5740583223465033,0.5832440210380073
StudyB,B_20,StudyB:B_20,SE001,3780,0.9124723639455784,0.9198384353741496,0.7718587018140589,0.7937450396825398,0.9202721088435373
StudyB,B_20,StudyB:B_20,SE002,3780,0.9186189058956916,0.9234871031746033,0.6952104591836734,0.8188010204081632,0.921937358276644
StudyB,B_21,StudyB:B_21,SE001,3778,0.80731515357781,0.8126010380328427,0.6419127031396239,0.6495455061119146,0.808699906406875
StudyC,C_01,StudyC:C_01,SE001,2400,0.9036636363636364,0.9412272727272728,0.7561522727272727,0.7615454545454545,0.9281045454545456
StudyC,C_02,StudyC:C_02,SE001,2386,0.8449260608534134,0.840902713846111,0.7413208172843916,0.7312775228240882,0.8303724436673445
StudyC,C_03,StudyC:C_03,SE001,2382,0.7043350168350166,0.761086136086136,0.6170449920449921,0.5710285085285085,0.7427040552040552
StudyC,C_04,StudyC:C_04,SE001,2366,0.9058351061215608,0.9161675946013624,0.7600428745614837,0.8298427542693187,0.906115943860536
StudyC,C_06,StudyC:C_06,SE001,2400,0.770165909090909,0.7559931818181819,0.6305795454545455,0.6776613636363636,0.7638772727272726
StudyC,C_07,StudyC:C_07,SE001,2373,0.8080350477754554,0.8160808263660795,0.7739763735443417,0.7411844020603164,0.8112636234696926
StudyC,C_08,StudyC:C_08,SE001,2400,0.7045818181818182,0.7363363636363636,0.5642909090909092,0.6450568181818181,0.728990909090909
StudyC,C_09,StudyC:C_09,SE001,2400,0.7382909090909092,0.750740909090909,0.640765909090909,0.6102386363636364,0.7482795454545454
StudyC,C_10,StudyC:C_10,SE001,2131,0.6607340004985932,0.7065303845103694,0.6502872846848772,0.5915126369647543,0.7033459168773817
StudyC,C_11,StudyC:C_11,SE001,1433,0.6987196705166084,0.669064886228464,0.6498279677167671,0.5884591279434148,0.699128966655155
StudyC,C_12,StudyC:C_12,SE001,1456,0.7130383480825958,0.7933259587020648,0.6386799410029498,0.5825811209439529,0.758362831858407
StudyC,C_13,StudyC:C_13,SE001,2400,0.7572068181818181,0.7675204545454546,0.6237681818181818,0.6538181818181819,0.7721386363636364
StudyC,C_14,StudyC:C_14,SE001,2391,0.8811070117499665,0.8868622384354258,0.8333195152620597,0.7918100291561303,0.8924931024794225
StudyC,C_15,StudyC:C_15,SE001,2226,0.7044449875095037,0.7029977191267514,0.7561040512653416,0.726007385684805,0.7051211035082003
StudyC,C_17,StudyC:C_17,SE001,600,,,,,
StudyD,D_01,StudyD:D_01,SE001,6120,0.911727366255144,0.9074277263374484,0.7184272119341564,0.7435090020576132,0.9072826646090534
StudyD,D_02,StudyD:D_02,SE001,6081,0.8763030111893324,0.8595489862355311,0.7222673710933123,0.7094651900466288,0.8626031813881236
StudyD,D_03,StudyD:D_03,SE001,6114,0.7588332574977348,0.7359152669305659,0.6438937304798524,0.6260901958105235,0.7375486754979691
StudyD,D_04,StudyD:D_04,SE001,6078,0.8166503938642559,0.7889876703928914,0.6957266918446334,0.7056227930580823,0.7927979256144316
StudyD,D_05,StudyD:D_05,SE001,6112,0.8189581250304636,0.804280880253004,0.7303770637618899,0.7401770233757407,0.8046212999027483
StudyD,D_06,StudyD:D_06,SE001,6112,0.8343417405811427,0.8174301050117252,0.6533199813181823,0.6832761368146572,0.8186202843174598
StudyD,D_07,StudyD:D_07,SE001,6120,0.7592384259259258,0.7300776748971193,0.6013832304526749,0.6104958847736626,0.7340956790123457
StudyD,D_08,StudyD:D_08,SE001,6120,0.7824238683127572,0.7672031893004116,0.7128137860082305,0.7148713991769547,0.7682039609053498
StudyD,D_09,StudyD:D_09,SE001,5961,0.8597873552306816,0.8377267735763267,0.676327620894384,0.7413518678914824,0.8432874693116674
StudyD,D_10,StudyD:D_10,SE001,6120,0.9073950617283952,0.8928019547325102,0.7777001028806585,0.8022034465020575,0.8947438271604937
StudyD,D_11,StudyD:D_11,SE001,6086,0.6749938239903491,0.6516377270933685,0.6461459491741032,0.6346257104359366,0.6532727136230434
StudyD,D_12,StudyD:D_12,SE001,6120,0.9100072016460904,0.901301697530864,0.7824948559670782,0.8044724794238681,0.8999382716049383
StudyD,D_13,StudyD:D_13,SE001,6116,0.7567007169026836,0.7324720399191536,0.6891339468199893,0.6742946617177472,0.7332691138614844
StudyD,D_14,StudyD:D_14,SE001,6007,0.8447313110520063,0.8223487150054002,0.741118117111903,0.7267560826889791,0.8204702945032019
StudyD,D_15,StudyD:D_15,SE001,6120,0.884275462962963,0.8723611111111113,0.7472708333333333,0.7501095679012345,0.8750138888888889
StudyD,D_16,StudyD:D_16,SE001,6120,0.8633695987654322,0.8556203703703704,0.7985416666666666,0.7901815843621398,0.8557834362139918
StudyD,D_17,StudyD:D_17,SE001,6120,0.7999030349794238,0.7771396604938271,0.7547857510288066,0.7369935699588478,0.7798065843621398
StudyE,E_01,StudyE:E_01,SE001,4256,0.801240563292184,0.7906238145294171,0.7366604696418175,0.7385651860410567,0.7909322178688606
StudyE,E_02,StudyE:E_02,SE001,4291,0.7188598939633944,0.6961415087121737,0.6243578154532342,0.6177241518063346,0.7019321501741301
StudyE,E_03,StudyE:E_03,SE001,4286,0.8270709514914814,0.84581281485255,0.7344576045734986,0.7035723382577689,0.8407072508065887
StudyE,E_04,StudyE:E_04,SE001,4159,0.722116408340044,0.7202223147151168,0.551951097398034,0.5315141891137873,0.733411600418631
StudyE,E_05,StudyE:E_05,SE001,4320,0.9512738496071828,0.9596401515151516,0.7007316217732885,0.7239022166105499,0.9624242424242425
StudyE,E_06,StudyE:E_06,SE001,4320,0.8263404882154881,0.8038131313131314,0.6200224466891133,0.6216596520763188,0.8113559203142537
StudyE,E_07,StudyE:E_07,SE001,4320,0.9654349046015712,0.9715803872053872,0.9007379349046016,0.915977132435466,0.971635802469136
StudyE,E_08,StudyE:E_08,SE001,4320,0.7219212962962964,0.7139134399551067,0.6735655162738495,0.6367824074074073,0.7113418911335577
StudyF,F_03,StudyF:F_03,SE001,2268,0.9058484504913076,0.9296087648022172,0.7838049571680523,0.8271919879062737,0.9296205750818847
StudyF,F_03,StudyF:F_03,SE002,2268,0.8322625346434872,0.86432350718065,0.6959187610229277,0.7096108119173595,0.8602017195767195
StudyF,F_03,StudyF:F_03,SE003,2268,0.8522593065003778,0.8858812043335854,0.7151695168808263,0.7351564468379944,0.8788422776518015
StudyF,F_05,StudyF:F_05,SE001,2267,0.9049293000905904,0.915701681830714,0.8780810587262199,0.8919276064437356,0.9090885816692268
StudyF,F_05,StudyF:F_05,SE002,2224,0.9412422125417806,0.9399854170172192,0.9410344777443326,0.9410386324402814,0.9379828535698186
StudyF,F_05,StudyF:F_05,SE003,2268,0.9586974836230788,0.962275998362308,0.9489835285966238,0.9530068972033258,0.9598745748299319
StudyF,F_06,StudyF:F_06,SE001,2264,0.6437486193947426,0.6218975827574238,0.6123161822714507,0.5979835274069866,0.619207374798826
StudyF,F_06,StudyF:F_06,SE002,2268,0.6388121220710508,0.6439220364071554,0.6147900132275133,0.5893250818846056,0.6450951908541194
StudyF,F_06,StudyF:F_06,SE003,2268,0.5759066358024691,0.5822369457042076,0.5682516061980347,0.5423595364071555,0.5836600844041321
StudyF,F_07,StudyF:F_07,SE001,2262,0.5100493104657452,0.5077194949689061,0.5247275443229568,0.4822282228619088,0.5070677013477666
StudyF,F_07,StudyF:F_07,SE002,2268,0.5135444223985891,0.5159478143109095,0.4689055020156211,0.5446093946837995,0.5223489858906525
StudyF,F_07,StudyF:F_07,SE003,2268,0.613274360670194,0.6518073664651046,0.5479851662887377,0.5701136936255984,0.6489945515243134
StudyF,F_08,StudyF:F_08,SE001,2152,0.9785913528591352,0.9946848849372384,0.8658865062761506,0.8709444735006974,0.9941182880055788
StudyF,F_08,StudyF:F_08,SE002,2137,0.970855956916732,0.9868174758054882,0.8676105513295366,0.8660816617326235,0.9851292807802426
StudyF,F_08,StudyF:F_08,SE003,2229,0.9736533602829712,0.9880848913592724,0.904588175846387,0.9081738251642244,0.9858898433552299
StudyF,F_20,StudyF:F_20,SE001,2268,0.8631070483749056,0.8702069948349711,0.6944562547241118,0.7436972474174857,0.859768675988914
StudyF,F_20,StudyF:F_20,SE002,2250,0.894798,0.905898,0.64031,0.7820579999999999,0.902542
StudyF,F_20,StudyF:F_20,SE003,2268,0.8464998267825647,0.8723584341143866,0.7351525100781053,0.7263361363063744,0.8587962962962963
StudyF,F_21,StudyF:F_21,SE001,2262,0.8441420791225946,0.871186561560818,0.694277093515545,0.7017578616414502,0.8661524959337191
StudyF,F_21,StudyF:F_21,SE002,2250,0.8633419999999999,0.896282,0.734718,0.689376,0.8922519999999999
StudyF,F_21,StudyF:F_21,SE003,2268,0.8951798311917359,0.9324294532627864,0.740662005542958,0.7477166792642983,0.9261739417989419
StudyF,F_23,StudyF:F_23,SE001,2268,0.6737981072058453,0.6741622574955908,0.5948719765684052,0.601338104686319,0.6621669501133787
StudyF,F_23,StudyF:F_23,SE002,2268,0.6644089348702444,0.6521419910556815,0.6363457420005039,0.6138058232552281,0.650559413580247
StudyF,F_23,StudyF:F_23,SE003,2268,0.6716407627865961,0.6522482835726883,0.6140459656084656,0.573780785462333,0.6388692050894431
StudyF,F_24,StudyF:F_24,SE001,2268,0.8089510109599396,0.8241705246913579,0.7782541257243638,0.7131912950365332,0.8087817302847065
StudyF,F_24,StudyF:F_24,SE002,2268,0.8581231103552532,0.8775175579491056,0.8009456097253715,0.766857205845301,0.8682307413706223
StudyF,F_24,StudyF:F_24,SE003,2268,0.9012522833207358,0.938310972537163,0.8166434397833207,0.7940995842781556,0.9345100308641976
StudyF,F_25,StudyF:F_25,SE001,2268,0.7737347253716301,0.7853776927437641,0.6790005353993448,0.6794591679264298,0.7893597253716301
StudyF,F_25,StudyF:F_25,SE002,2268,0.8333549855127237,0.8475056689342404,0.7414828199798439,0.7744964884101789,0.8488914084152179
StudyF,F_25,StudyF:F_25,SE003,2268,0.7367311507936508,0.73932350718065,0.6572617472915091,0.6962592907533384,0.7522715104560341
StudyG,G_01,StudyG:G_01,SE001,4067,0.820400647599841,0.80632364960715,0.6736510163371779,0.6931220700647912,0.804911330805147
StudyG,G_02,StudyG:G_02,SE001,4320,0.9322117003367004,0.949608585858586,0.7705969416386083,0.7812450897867564,0.9501711560044894
StudyG,G_03,StudyG:G_03,SE001,4305,0.8620852257566279,0.870550481641435,0.7796273367339303,0.7854496708348215,0.8704403599004387
StudyG,G_04,StudyG:G_04,SE001,4320,0.8489211560044894,0.8543771043771042,0.6910227272727273,0.7414379910213242,0.8576613355780024
StudyG,G_05,StudyG:G_05,SE001,4308,0.8916554092086008,0.891297281323877,0.739615698525273,0.8071393391872116,0.8910665034335248
StudyG,G_06,StudyG:G_06,SE001,4320,0.6596415544332211,0.656945847362514,0.6037556116722784,0.5456762065095399,0.6569907407407407
StudyG,G_07,StudyG:G_07,SE001,4320,0.878327721661055,0.8976900953984287,0.7023772446689113,0.6881207912457912,0.8929601571268239
StudyG,G_08,StudyG:G_08,SE001,4320,0.8920770202020203,0.8903423120089786,0.8118020482603816,0.7878801907968576,0.8920545735129068
StudyG,G_09,StudyG:G_09,SE001,4314,0.7484783341763614,0.7461192603832967,0.7247850278199293,0.7058492103636261,0.7459998313943685
StudyG,G_10,StudyG:G_10,SE001,4258,0.9060392538542608,0.90817011155328,0.6856113833873727,0.7360594394116529,0.9049047161064048
StudyG,G_11,StudyG:G_11,SE001,4319,0.8774381858494008,0.8650136117425835,0.6858360697145744,0.7267800510791165,0.8675184530324717
StudyG,G_12,StudyG:G_12,SE001,4320,0.9557000561167228,0.9657442480359149,0.8120054713804714,0.8438432940516274,0.9623120089786757
StudyG,G_13,StudyG:G_13,SE001,4305,0.7915028370466478,0.7986847511036881,0.6425060037526101,0.6494683802362534,0.7968388001248046
StudyG,G_14,StudyG:G_14,SE001,4292,0.8895411796618429,0.9065205705313302,0.7468786009673167,0.7921975824871612,0.9012951619288826
StudyG,G_15,StudyG:G_15,SE001,4278,0.814467079969518,0.8030885984564169,0.6900579559843922,0.6796828893765506,0.8054363458221843
StudyG,G_16,StudyG:G_16,SE001,4439,0.7566093003792683,0.7536900626357496,0.6400071735534995,0.6345765278672626,0.7534476230961853
StudyG,G_17,StudyG:G_17,SE001,4320,0.8118125701459035,0.8043251964085298,0.719358164983165,0.7204650673400673,0.8061938832772165
StudyG,G_18,StudyG:G_18,SE001,4276,0.8030533421233662,0.7894763242375602,0.6948191355193762,0.6540916647557901,0.7972870327906443
StudyG,G_19,StudyG:G_19,SE001,4320,0.8725806677890011,0.8737163299663299,0.7972194163860831,0.7792080527497194,0.8783943602693602
StudyG,G_20,StudyG:G_20,SE001,4320,0.933861531986532,0.9496022727272728,0.8206355218855219,0.8365347923681256,0.9474480920314252
StudyH,H_01,StudyH:H_01,SE001,946,0.7107139120948096,0.7435177020907746,0.6594832095407469,0.6516969796601557,0.7811337109380838
StudyH,H_02,StudyH:H_02,SE001,2820,0.7585647662276329,0.7785246234979273,0.6446581308705462,0.6171649525108884,0.7752335099963268
StudyH,H_03,StudyH:H_03,SE001,2936,0.77011959744879,0.741372223359801,0.6533084582774024,0.6572399305318559,0.7641328995366261
StudyH,H_04,StudyH:H_04,SE001,2913,0.7612810200773165,0.7307675520638484,0.7163268487342562,0.6939721286943509,0.7629816685372242
StudyH,H_05,StudyH:H_05,SE001,3024,0.8287394924299687,0.8393801965230536,0.7125692869740489,0.7271023729357062,0.8276371996610091
StudyH,H_06,StudyH:H_06,SE001,410,0.6405333333333334,0.6246095238095238,0.6363428571428571,0.6104380952380952,0.6148571428571429
StudyH,H_07,StudyH:H_07,SE001,2991,0.8843404913386568,0.8934296096809473,0.7623687274352311,0.7404757564710173,0.9091896675408371
StudyH,H_08,StudyH:H_08,SE001,1616,0.716261333006616,0.7458854039042718,0.5745323858531405,0.6272359715755942,0.7379420893571838
StudyH,H_09,StudyH:H_09,SE001,1690,0.7939799716072594,0.8336290910486128,0.6403570195296013,0.7003846448988988,0.8450341480259371
StudyH,H_10,StudyH:H_10,SE001,1278,0.8837843420780831,0.8916174344143774,0.6996818839082833,0.8197810369758315,0.9270150795290228
StudyH,H_11,StudyH:H_11,SE001,721,0.8940734398782344,0.9576198630136984,0.8245338660578387,0.7458618721461188,0.943707191780822
StudyH,H_12,StudyH:H_12,SE001,885,0.6689218106995886,0.7361316872427984,0.6011851851851853,0.5546337448559672,0.7143209876543211
StudyH,H_13,StudyH:H_13,SE001,1974,0.7270531240004265,0.7712376052884103,0.5784531933041902,0.6097198528627785,0.7809467960336922
StudyH,H_14,StudyH:H_14,SE001,1182,0.7467379240232427,0.7931298208306519,0.7359653786246584,0.6395254483897143,0.8028670826454759
StudyH,H_15,StudyH:H_15,SE001,337,0.6712821932982553,0.6449736914981999,0.5498476876211575,0.4876765438936582,0.6683744115203545
StudyH,H_16,StudyH:H_16,SE001,1473,0.7029599374732118,0.730132617300759,0.6218389935204095,0.5932102967501198,0.7369399692408543
StudyI,I_01,StudyI:I_01,SE001,5757,0.6907498610242512,0.6424768518518519,0.6020444635536099,0.6028186019039677,0.6552120248766591
StudyI,I_02,StudyI:I_02,SE001,851,0.6523597811217511,0.729765161878705,0.5891130870953032,0.5097127222982216,0.7173050615595076
StudyI,I_03,StudyI:I_03,SE001,5742,0.6731582439716957,0.6281632096403911,0.6013051053718395,0.6162475718054927,0.6442277598364826
StudyI,I_04,StudyI:I_04,SE001,1718,0.7120428227470763,0.6983346709470305,0.5576439845601162,0.5297117442482611,0.6943600473897424
StudyI,I_05,StudyI:I_05,SE001,5647,0.6926723764797541,0.6441125893623622,0.5730036845066765,0.550645735494622,0.6722588027787998
StudyI,I_06,StudyI:I_06,SE001,6360,0.9209796653796652,0.8824459888459888,0.76601287001287,0.8514929214929213,0.8988176748176747
StudyI,I_07,StudyI:I_07,SE001,1630,0.6391144083613288,0.630001018018935,0.545030370898232,0.584207132919339,0.6087095761647833
StudyI,I_08,StudyI:I_08,SE001,5483,0.7386760552826186,0.6952976522215614,0.667826817971066,0.6411566075467987,0.7163878494386969
StudyI,I_09,StudyI:I_09,SE001,5760,0.7972536892361111,0.7527572699652778,0.6536085069444445,0.6667282986111112,0.7777421874999999
StudyI,I_10,StudyI:I_10,SE001,1976,0.6824018115378871,0.6379453795726551,0.5614670287304302,0.5676812375997733,0.6763399864073705
StudyI,I_11,StudyI:I_11,SE001,2441,0.7217535255615136,0.6894261778905788,0.5623513920958724,0.5734261397248249,0.6964419975955575
StudyI,I_12,StudyI:I_12,SE001,5706,0.625215774694902,0.5944524130007689,0.5452360236832804,0.5559420250180535,0.605182478222734
StudyI,I_13,StudyI:I_13,SE001,5398,0.650144467957424,0.6317685480559678,0.5897117589463378,0.6098255898423929,0.6372230820252045
StudyJ,J_01,StudyJ:J_01,SE001,4015,0.9519331243469176,0.9419863208891424,0.8423512871663341,0.8962150660207086,0.946466039707419
StudyJ,J_02,StudyJ:J_02,SE001,4320,0.6889548408057181,0.6437777777777778,0.5630948667966211,0.5659639376218324,0.6628882391163092
StudyJ,J_03,StudyJ:J_03,SE001,2960,0.8606052079255296,0.8546118524076731,0.7061488646744095,0.702980909347949,0.8564500277306538
StudyJ,J_04,StudyJ:J_04,SE001,375,0.587495723571673,0.6469380773178242,0.5661563462196374,0.5393859048922339,0.6277796784125897
StudyJ,J_05,StudyJ:J_05,SE001,1796,0.6213977115336187,0.5928528708133971,0.5650084204230673,0.5820597771342231,0.613396342231176
StudyJ,J_06,StudyJ:J_06,SE001,3079,0.681022925121784,0.6477162841768734,0.627951177194994,0.6236870681444543,0.6676900771046038
StudyJ,J_07,StudyJ:J_07,SE001,123,0.5765265662172878,0.507137192704203,0.5170499603489294,0.4694686756542426,0.4567803330689929
StudyJ,J_08,StudyJ:J_08,SE001,407,0.6309849281458114,0.6918682089029091,0.5269540834209604,0.5086926042762004,0.7090431125131441
StudyJ,J_09,StudyJ:J_09,SE001,4270,0.7874621849073885,0.7468196856344264,0.6044842241883289,0.6861945026314298,0.7631494388792374
StudyJ,J_10,StudyJ:J_10,SE001,4205,0.7008830067724758,0.6706126247221217,0.5673463268365817,0.5800306743180135,0.6914094676799531
StudyJ,J_11,StudyJ:J_11,SE001,4202,0.7496938469320393,0.6896542382181223,0.6621246388491182,0.6863007004398111,0.7261899332138786
StudyJ,J_12,StudyJ:J_12,SE001,4132,0.7387098490815045,0.6935474715653093,0.5630114874021726,0.6369956079666801,0.7095968411417868
StudyJ,J_13,StudyJ:J_13,SE001,1418,0.8935345039192263,0.9116071282462485,0.8108494657088153,0.8040092294097433,0.9098430673059617
StudyJ,J_14,StudyJ:J_14,SE001,4310,0.688711660926848,0.6473849664618784,0.595853557599668,0.5773566764230529,0.6666109656211406
StudyJ,J_15,StudyJ:J_15,SE001,4303,0.7769639826143265,0.7328005782142729,0.6472477589291263,0.6853068819926154,0.7619474178219505
StudyJ,J_16,StudyJ:J_16,SE001,2811,0.6968101675908043,0.6476678223298372,0.5725567321729554,0.5893974779713986,0.6774512659815757
StudyJ,J_17,StudyJ:J_17,SE001,801,0.7096529157414982,0.7192273660662114,0.6278401976660712,0.6325815122122239,0.7371325063857493
StudyJ,J_18,StudyJ:J_18,SE001,4320,0.8022459389213774,0.7441273554256009,0.6495344379467186,0.7126942820012996,0.7822452891487979
StudyJ,J_19,StudyJ:J_19,SE001,364,0.5704082847280085,0.6127841923580526,0.5203348807681625,0.5344998611276435,0.5734634765702495
StudyJ,J_20,StudyJ:J_20,SE001,1490,0.702056639262471,0.701821157451969,0.560005180599831,0.5601847354803388,0.7153201522389905
StudyK,K_01,StudyK:K_01,SE001,1458,0.8074246828562809,0.885488250477691,0.6375582447789212,0.6097108951857367,0.8804551353577533
StudyK,K_01,StudyK:K_01,SE002,1412,0.6373882754994742,0.6601877409744129,0.534514107956537,0.5565742201191728,0.6575041622853137
StudyK,K_02,StudyK:K_02,SE001,3811,0.7726071836395724,0.7579175750025952,0.5794747223087304,0.6696896086369771,0.7558470881345374
StudyK,K_03,StudyK:K_03,SE001,575,0.6368215914105015,0.5989483747609943,0.4759523459332254,0.5523238711575231,0.6030298573319606
StudyK,K_03,StudyK:K_03,SE002,1500,0.6209234567901234,0.653767901234568,0.5099456790123457,0.5689333333333334,0.6499111111111111
StudyK,K_04,StudyK:K_04,SE001,556,0.508439398101517,0.4758111284070444,0.5241583493575069,0.5046851631413485,0.47370509416109635
StudyK,K_04,StudyK:K_04,SE002,1955,0.9003077079141799,0.9168005139736588,0.717830151994184,0.7691725700373645,0.9181636431264476
StudyK,K_09,StudyK:K_09,SE001,4804,0.62330951719727,0.6121692881247528,0.5336655810548108,0.5116998661920271,0.6176767906283925
StudyL,L_01,StudyL:L_01,SE001,10079,0.7635974456305559,0.7516982633095571,0.6656214846372461,0.6621862609049366,0.7516929537056537
StudyL,L_02,StudyL:L_02,SE001,10069,0.74202168777603,0.7306242533339821,0.6783588934116803,0.6583415770667445,0.7307805689347293
StudyL,L_03,StudyL:L_03,SE001,10080,0.8937354677320665,0.8777393550012598,0.8292775258251449,0.8447957384011806,0.8785036713097938
StudyL,L_04,StudyL:L_04,SE001,10080,0.8587359176474822,0.8492275402224383,0.7522709030702228,0.7580263110535219,0.8495527840765936
StudyL,L_05,StudyL:L_05,SE001,10008,0.9103833495214,0.8911692463501646,0.831927303654553,0.8378171770959293,0.8913974137683495
StudyL,L_06,StudyL:L_06,SE001,10078,0.7058241259760878,0.6920024696958242,0.644075430126689,0.60788601597742,0.6923738241043752
StudyL,L_07,StudyL:L_07,SE001,10065,0.6255014414181211,0.6204981442690706,0.6117964907054381,0.5639546591391404,0.6204568395235619
StudyL,L_08,StudyL:L_08,SE001,10079,0.7696142167794282,0.7643396202643282,0.7542875501487589,0.7296224601644716,0.7643897465249093
StudyL,L_09,StudyL:L_09,SE001,10067,0.8191299212491772,0.8031723370690534,0.749986680717381,0.7664670128777147,0.8033736162619862
StudyL,L_10,StudyL:L_10,SE001,10079,0.7130064597181051,0.707066452842618,0.6484797434111416,0.6408763006279732,0.7072530989188206
StudyL,L_11,StudyL:L_11,SE001,10080,0.8395839182233741,0.8295867976820357,0.7932499190152251,0.7773565669654106,0.8296873987690315
StudyM,M_04,StudyM:M_04,SE001,7200,0.752324575668871,0.7175590971695196,0.6923826388637925,0.7310634880480568,0.7328055445131083
StudyM,M_05,StudyM:M_05,SE001,6648,0.7755399169254272,0.752715110261382,0.7095953391458415,0.7316562936446596,0.7591605761886037
StudyM,M_06,StudyM:M_06,SE001,1592,0.6031260936953153,0.6121037698115094,0.6108944552772362,0.5465257987100645,0.6236813159342033
StudyM,M_07,StudyM:M_07,SE001,6759,0.8453158939922112,0.8180751173708921,0.7583839801497599,0.7790825888113316,0.831189296271456
StudyM,M_09,StudyM:M_09,SE001,7173,0.6438437625520647,0.6123709389273322,0.5696383062851027,0.5542636132525991,0.623995756501382
StudyM,M_10,StudyM:M_10,SE001,6632,0.7819636584446088,0.746036138156703,0.7043169515732963,0.689927607882961,0.7650631946362132
StudyM,M_11,StudyM:M_11,SE001,4018,0.6419447386491928,0.6308325283115492,0.6014972435278189,0.6317461795411957,0.6331908541766083
StudyM,M_12,StudyM:M_12,SE001,5951,0.7693389146425871,0.7270279025222528,0.7161630611489368,0.736887746068537,0.7556459449997586
StudyM,M_13,StudyM:M_13,SE001,6054,0.9109286654950088,0.8926503100277294,0.7732059222498137,0.7731867586601395,0.8984436898523435
StudyM,M_14,StudyM:M_14,SE001,2111,0.7538546255506609,0.7592193683267379,0.6831516463824386,0.7065780631673262,0.7591111028149033
StudyM,M_15,StudyM:M_15,SE001,3363,0.6213777211344121,0.6184017988559758,0.6031989197709662,0.5991123011939449,0.6192299935203422
StudyM,M_16,StudyM:M_16,SE001,2186,0.6386333611458767,0.6260899040467252,0.6112345292727019,0.5468154637741621,0.6311344041162565
StudyM,M_17,StudyM:M_17,SE001,3388,0.8791089615983757,0.8842547853417186,0.6797486838214448,0.7015475577152299,0.8830277746446241
StudyM,M_18,StudyM:M_18,SE001,6765,0.8545519403988694,0.8295406600747578,0.668579682671298,0.7260051391398679,0.8400417078996696
StudyM,M_19,StudyM:M_19,SE001,6274,0.7322643710725578,0.7104606458548286,0.5631001938999624,0.6041504016136106,0.716557633376368
StudyM,M_20,StudyM:M_20,SE001,5762,0.7111013779061508,0.6996050949382073,0.6295553766750319,0.5713078270751456,0.7012405890430419
StudyM,M_21,StudyM:M_21,SE001,6132,0.7617928075374883,0.7416884150926704,0.6722694499290245,0.7029876104344188,0.7461246918693727
StudyM,M_22,StudyM:M_22,SE001,6968,0.6424688164931571,0.6198594207947784,0.5713392226217964,0.5526499501680638,0.6276581680087499
StudyM,M_23,StudyM:M_23,SE001,6396,0.8159064410015723,0.7852909578303994,0.6653295940865618,0.6760910733918923,0.7967615812713539
StudyM,M_24,StudyM:M_24,SE001,6805,0.714398152552781,0.6789579567372145,0.5825329746840917,0.6085005059722018,0.6914285714285715
StudyM,M_25,StudyM:M_25,SE001,3387,0.6380020782819535,0.6348527883616211,0.5778503636993418,0.5906920678905438,0.6323844821614133
StudyN,N_01,StudyN:N_01,SE001,2792,0.5947869917696108,0.5671205975642983,0.6015831032834164,0.5874061165003623,0.5849809534091084
StudyN,N_01,StudyN:N_01,SE002,3780,0.6909502551020408,0.6458446712018141,0.6200829081632654,0.60156320861678,0.6748986678004534
StudyN,N_02,StudyN:N_02,SE001,3730,0.8566215298732649,0.8542822408430435,0.79067243860545,0.7823866405923587,0.8519748676941645
StudyN,N_02,StudyN:N_02,SE002,1663,0.7899077761475581,0.7584189198630614,0.666820373087403,0.7414238803884581,0.776545797526724
StudyN,N_03,StudyN:N_03,SE001,819,0.4760898442217124,0.4479984301412874,0.4743539427605361,0.4759388962685665,0.46338002656683974
StudyN,N_03,StudyN:N_03,SE002,3747,0.9000400040004,0.9047136597717744,0.7701828153829876,0.7715626635127281,0.8947604905418078
StudyN,N_04,StudyN:N_04,SE001,3379,0.659162113510664,0.6137998092346643,0.5398271123029537,0.581866009390168,0.6361733037841002
StudyN,N_04,StudyN:N_04,SE002,232,0.6836633663366337,0.7028052805280528,0.6547854785478548,0.5343234323432343,0.6704620462046205
StudyN,N_05,StudyN:N_05,SE001,2558,0.6760409484881316,0.6496032576578351,0.6491523441347384,0.6655945287107259,0.6652682704619325
StudyN,N_05,StudyN:N_05,SE002,3404,0.8910971008178982,0.890711515219652,0.7844734604682537,0.8051317139323758,0.8899868953596222
StudyN,N_06,StudyN:N_06,SE001,3159,0.6717076752082718,0.6441036413137688,0.583783866461369,0.6123984133620206,0.6594091914876261
StudyN,N_06,StudyN:N_06,SE002,3780,0.8909063208616779,0.9067077664399094,0.7724624433106576,0.8295280612244897,0.8888683390022675
StudyN,N_07,StudyN:N_07,SE001,3778,0.8219709861312005,0.8260472503474291,0.7669049037125273,0.7162015371961769,0.8181212598201877
StudyN,N_07,StudyN:N_07,SE002,3621,0.6264375172532914,0.6048907587130086,0.5504559495517615,0.6282472814981487,0.6128947437413926
StudyN,N_08,StudyN:N_08,SE001,3625,0.8369168738991976,0.7768194398778678,0.6598144863643309,0.7710400834795925,0.8132313919079749
StudyN,N_08,StudyN:N_08,SE002,3763,0.9785139571309032,0.98922908575965,0.8648901094971427,0.8677888157000736,0.9861515795195286
StudyO,O_01,StudyO:O_01,SE001,4271,0.8754896896121227,0.8834050827270509,0.7294724984573879,0.7553575272288949,0.8740403518590267
StudyO,O_01,StudyO:O_01,SE002,4299,0.9090239384641488,0.907407773991488,0.7754825162959715,0.8024468701836742,0.9109031008299987
StudyO,O_02,StudyO:O_02,SE001,4320,0.9435592031425364,0.9465467171717172,0.8460058922558923,0.8546303310886645,0.94393588664422
StudyO,O_02,StudyO:O_02,SE002,4303,0.9656288314960986,0.971271901326086,0.8830267194765717,0.877343392452553,0.9704462757151655
StudyO,O_03,StudyO:O_03,SE001,3600,0.8137910126444299,0.8168987537242933,0.7516509519657001,0.754123973548434,0.8194728308262479
StudyO,O_03,StudyO:O_03,SE002,3527,0.8241775090901126,0.8053793637728175,0.7919707271859502,0.7900996742085205,0.8119447653171568
StudyO,O_04,StudyO:O_04,SE001,4320,0.8431698933782267,0.8402672558922559,0.7570377384960719,0.7454559483726151,0.8371618967452301
StudyO,O_04,StudyO:O_04,SE002,4320,0.8676416947250278,0.8854854096520763,0.7869682940516274,0.7768399270482603,0.8802609427609429
StudyO,O_05,StudyO:O_05,SE001,4311,0.8171709539544169,0.8109599314334691,0.7199485751017785,0.7002159620177505,0.8091076201323966
StudyO,O_05,StudyO:O_05,SE002,4317,0.7982688905736669,0.7784299272737484,0.7392742818633645,0.727834639036307,0.7803386403841295
StudyO,O_06,StudyO:O_06,SE001,4301,0.8826924952196826,0.8691033919408018,0.713986509117581,0.7638169898062295,0.873019507086741
StudyO,O_06,StudyO:O_06,SE002,4320,0.9173947811447812,0.9310774410774412,0.7795917508417509,0.8058908529741863,0.9307323232323234
StudyO,O_07,StudyO:O_07,SE001,4320,0.8916968294051628,0.8816000280583612,0.7950568181818182,0.7944710998877667,0.8900631313131312
StudyO,O_07,StudyO:O_07,SE002,4320,0.8656741021324353,0.8787773569023569,0.7281726992143659,0.7437563131313132,0.8731109708193041
StudyO,O_08,StudyO:O_08,SE001,4320,0.8440958193041527,0.8542178731762063,0.7942136644219978,0.7863208473625141,0.8561426767676767
StudyO,O_08,StudyO:O_08,SE002,4320,0.8256439393939394,0.8334490740740741,0.7809974747474748,0.7941238776655443,0.831304012345679
StudyO,O_09,StudyO:O_09,SE001,4309,0.9611515813969888,0.9730051831740772,0.8840097316737775,0.8664863721307429,0.974363386340397
StudyO,O_09,StudyO:O_09,SE002,4320,0.9454328002244669,0.9545959595959596,0.8806292087542087,0.8704110549943884,0.9563271604938273
StudyO,O_10,StudyO:O_10,SE001,4316,0.8323706605999326,0.8204099258510281,0.6695890911133581,0.7062893214245591,0.8205995112908663
StudyO,O_10,StudyO:O_10,SE002,4189,0.8327756484203477,0.8346582071223905,0.6327741599374838,0.6640955605998586,0.8344040486733897
StudyO,O_11,StudyO:O_11,SE001,4320,0.9531474466891134,0.9542922278338946,0.8947236251402919,0.8919879349046016,0.9558256172839505
StudyO,O_11,StudyO:O_11,SE002,4320,0.9572074915824916,0.96398709315376,0.9014225589225588,0.8898793490460158,0.9659736251402918
StudyO,O_12,StudyO:O_12,SE001,4320,0.9179678731762064,0.926844135802469,0.8222530864197531,0.8277644500561168,0.9348814534231201
StudyO,O_12,StudyO:O_12,SE002,4320,0.8701950056116722,0.8741603535353535,0.7704285914702581,0.7383340347923681,0.8738397867564534
StudyO,O_13,StudyO:O_13,SE001,4313,0.9643252663237484,0.9788402619670012,0.7863682997442168,0.76468856283554,0.9792000449728758
StudyO,O_13,StudyO:O_13,SE002,4317,0.9709038834133604,0.9836885407014292,0.8373290652289894,0.8354470277707579,0.9844909162384523
StudyO,O_14,StudyO:O_14,SE001,4320,0.9009455667789,0.9077518237934904,0.7880267957351291,0.8181264029180696,0.905378787878788
StudyO,O_14,StudyO:O_14,SE002,4320,0.9071499719416386,0.8974936868686868,0.756882014590348,0.8124579124579125,0.8974775533108866
StudyO,O_15,StudyO:O_15,SE001,4237,0.8532672282672282,0.8515312390312391,0.737059055809056,0.7398092898092898,0.8585329647829648
StudyO,O_15,StudyO:O_15,SE002,4272,0.7271847514865701,0.711924748003871,0.6337570617436905,0.5985882221962129,0.7174057173361347
StudyO,O_16,StudyO:O_16,SE001,4286,0.8509602873982375,0.8598848040106855,0.7279049059175718,0.7382060994415582,0.8596238699093788
StudyO,O_16,StudyO:O_16,SE002,4319,0.8629992141674384,0.8745600740927844,0.7826457298419915,0.7658296146613904,0.8759107238079201
StudyO,O_17,StudyO:O_17,SE001,4320,0.7778121492704826,0.7707428451178452,0.7481811167227833,0.7355667789001122,0.7806221941638608
StudyO,O_17,StudyO:O_17,SE002,4312,0.7552551674374457,0.7551635618235719,0.7388690370911131,0.7250288381519061,0.758630481979414
StudyO,O_18,StudyO:O_18,SE001,4307,0.8418905288235052,0.8482141720342184,0.7747722003024597,0.7447447978485466,0.8468857825543841
StudyO,O_18,StudyO:O_18,SE002,4312,0.8832271986054882,0.8942898110661268,0.7634622413405308,0.7645299145299146,0.8875962944219523
StudyP,P_01,StudyP:P_01,SE001,4229,0.8550022568996648,0.8669286526602106,0.7183484477219969,0.6910209100288414,0.8683839132881563
StudyP,P_01,StudyP:P_01,SE002,4320,0.9338257575757576,0.9414407968574636,0.8108221099887767,0.8428787878787879,0.9379061447811448
StudyP,P_02,StudyP:P_02,SE001,4320,0.9068581649831648,0.911408529741863,0.8315733726150393,0.8154987373737373,0.9130723905723905
StudyP,P_02,StudyP:P_02,SE002,4320,0.8989471099887767,0.9108831369248036,0.7944479517396184,0.7871366442199774,0.9087913860830527
StudyP,P_03,StudyP:P_03,SE001,4320,0.8198372615039281,0.8231306116722782,0.7002960157126823,0.6859273288439957,0.8236749438832773
StudyP,P_03,StudyP:P_03,SE002,4320,0.8198372615039281,0.8231306116722782,0.7002960157126823,0.6859273288439957,0.8236749438832773
StudyP,P_04,StudyP:P_04,SE001,4320,0.7671415544332212,0.7469633838383838,0.6573604096520763,0.6253212682379349,0.7442101571268238
StudyP,P_04,StudyP:P_04,SE002,4320,0.8441519360269361,0.8359981762065096,0.6423709315375982,0.6791028338945005,0.8401409932659933
StudyP,P_05,StudyP:P_05,SE001,4311,0.8765720352090891,0.8819701060209792,0.7324263899434743,0.6944381169324221,0.8878181332433421
StudyP,P_05,StudyP:P_05,SE002,4293,0.8558240400928496,0.845150596636687,0.7038616342379307,0.6911161116750548,0.8530300341442292
StudyP,P_06,StudyP:P_06,SE001,4320,0.8922993827160495,0.8925820707070707,0.7478829966329966,0.7625708473625141,0.8914386924803592
StudyP,P_06,StudyP:P_06,SE002,4320,0.8481993546576879,0.85118265993266,0.7332982603815938,0.7663012065095398,0.8504945286195286
StudyP,P_07,StudyP:P_07,SE001,4190,0.8118065600454752,0.8042325713590882,0.6761386906018535,0.695164299530999,0.8064750031517878
StudyP,P_07,StudyP:P_07,SE002,4317,0.8742937972088843,0.8855972538118103,0.7404522225030186,0.7383251902395193,0.8850005615926768
StudyP,P_08,StudyP:P_08,SE001,4320,0.949219276094276,0.9468588664421996,0.840169051627385,0.8639464085297418,0.9470279180695849
StudyP,P_08,StudyP:P_08,SE002,4320,0.9490572390572392,0.955334595959596,0.8667087542087544,0.8672081930415264,0.9574824635241302
StudyP,P_09,StudyP:P_09,SE001,4316,0.7027256094942639,0.6920235146206117,0.708774619640241,0.6658845823803661,0.6865630035415536
StudyP,P_09,StudyP:P_09,SE002,4320,0.7434161054994388,0.7412745510662178,0.7147699214365882,0.6861889730639731,0.7458571829405163
StudyP,P_10,StudyP:P_10,SE001,4320,0.8326297699214366,0.8288973063973064,0.728986391694725,0.7346050785634118,0.8240425084175084
StudyP,P_10,StudyP:P_10,SE002,4288,0.7899188166744693,0.7855136967022883,0.718960899037814,0.7048769138792633,0.79240141744818
StudyP,P_11,StudyP:P_11,SE001,4227,0.8288455727919231,0.8304565385607428,0.7980935185526363,0.7578429566306792,0.8270068904528538
StudyP,P_11,StudyP:P_11,SE002,4314,0.871337745180689,0.8747049401450009,0.8453956612150846,0.847201849041758,0.8756969032765695
StudyP,P_12,StudyP:P_12,SE001,4320,0.8649158249158249,0.8636181257014591,0.753729657687991,0.7529026374859707,0.8653065375982043
StudyP,P_12,StudyP:P_12,SE002,4320,0.8847067901234568,0.8965425084175085,0.7942852132435466,0.7898323512906845,0.8897727272727273
StudyP,P_13,StudyP:P_13,SE001,4278,0.8622005511977953,0.855320605744604,0.658588973752213,0.7087554217350699,0.8524922792200723
StudyP,P_13,StudyP:P_13,SE002,4320,0.8153493265993266,0.8173049943883277,0.6662752525252524,0.6854987373737373,0.8161672278338944
StudyP,P_14,StudyP:P_14,SE001,4314,0.7585061541055471,0.7360127578261114,0.649579188444894,0.6088693587365819,0.7398731242623503
StudyP,P_14,StudyP:P_14,SE002,4320,0.8248428731762065,0.8301697530864198,0.6975932940516274,0.7165081369248035,0.8279391133557801
StudyP,P_15,StudyP:P_15,SE001,4060,0.8430679129096458,0.8480900266289192,0.7222797415376866,0.7156611679263795,0.8484192018338166
StudyP,P_15,StudyP:P_15,SE002,3898,0.8167078741691746,0.8092827296542467,0.6796406070709476,0.7052778800147221,0.8212119768776115
StudyP,P_16,StudyP:P_16,SE001,4311,0.9458516121028948,0.9532051751942532,0.7358405320672583,0.7502170897567466,0.9542906239779864
StudyP,P_16,StudyP:P_16,SE002,4320,0.9468988496071828,0.9581425364758698,0.7764197530864199,0.7726452020202019,0.9536265432098765
StudyP,P_17,StudyP:P_17,SE001,4320,0.8327006172839506,0.826013608305275,0.747831088664422,0.7505127665544332,0.8277335858585858
StudyP,P_17,StudyP:P_17,SE002,4306,0.8586006931677597,0.8315521890678227,0.8757068765601038,0.852756545114127,0.8390851484114376
StudyP,P_18,StudyP:P_18,SE001,4307,0.7373141931459954,0.7248217072640708,0.687909395963684,0.6447466084163767,0.722836992320783
StudyP,P_18,StudyP:P_18,SE002,4320,0.7238222502805837,0.7075982042648709,0.6367592592592592,0.6211728395061729,0.710388608305275
StudyP,P_19,StudyP:P_19,SE001,4316,0.7744485813019204,0.7890723607471123,0.7548464939604932,0.7557440254321701,0.7876349024999243
StudyP,P_19,StudyP:P_19,SE002,4320,0.8838909932659933,0.8905801066217732,0.7969290123456791,0.818543771043771,0.8878921156004489
StudyQ,Q_01,StudyQ:Q_01,SE001,4320,0.8712485970819305,0.8781193883277217,0.8061223344556676,0.8177286756453424,0.8786237373737373
StudyQ,Q_01,StudyQ:Q_01,SE002,4320,0.8347572951739617,0.823759820426487,0.7826627384960719,0.7695524691358024,0.8184371492704826
StudyQ,Q_01,StudyQ:Q_01,SE003,4320,0.8106853254769921,0.7998891694725028,0.7852861952861954,0.7619402356902357,0.7986644219977553
StudyQ,Q_02,StudyQ:Q_02,SE001,4320,0.8080527497194163,0.7899845679012345,0.7906565656565656,0.7837184343434345,0.7919591750841751
StudyQ,Q_02,StudyQ:Q_02,SE002,4292,0.7241673364707619,0.7143233463885962,0.7031231805233277,0.680286174391425,0.7142999150792547
StudyQ,Q_02,StudyQ:Q_02,SE003,4313,0.9101090592236556,0.9123830002529724,0.9158845602495994,0.912976782752902,0.914366725693566
StudyQ,Q_03,StudyQ:Q_03,SE001,4318,0.7760520184155859,0.7799962102071754,0.6325697602605133,0.591804222109932,0.7808229464937398
StudyQ,Q_03,StudyQ:Q_03,SE002,4320,0.8460318462401796,0.8630141694725028,0.6330765993265994,0.6302391975308643,0.8591070426487093
StudyQ,Q_03,StudyQ:Q_03,SE003,4250,0.8209738968701898,0.8291154554783339,0.682711705303419,0.704735674471757,0.8274005608936983
StudyQ,Q_04,StudyQ:Q_04,SE001,4166,0.7310757271966426,0.680226151984249,0.6719057639854771,0.6455424396235617,0.6859913416785584
StudyQ,Q_04,StudyQ:Q_04,SE002,4313,0.7822176477964558,0.7494811502191638,0.7081119503820397,0.7047966658353798,0.756433666834333
StudyQ,Q_04,StudyQ:Q_04,SE003,4302,0.8153981155166748,0.814611969812005,0.669591459199746,0.7042526941425772,0.8127351354720275
StudyQ,Q_05,StudyQ:Q_05,SE001,4035,0.8845286876865823,0.8997178260336155,0.8209258577679631,0.78798102482313,0.9035652067231014
StudyQ,Q_05,StudyQ:Q_05,SE002,4069,0.8961331534548056,0.9003120784097005,0.841112266957073,0.8084139264990329,0.9047023064544967
StudyQ,Q_05,StudyQ:Q_05,SE003,4136,0.8672440493439398,0.8629222480844794,0.7986786879422679,0.7720958710750909,0.8644249075346414
StudyQ,Q_06,StudyQ:Q_06,SE001,4320,0.7970735129068462,0.7887850729517397,0.7607905443322109,0.7617817059483726,0.7902791806958475
StudyQ,Q_06,StudyQ:Q_06,SE002,4319,0.7921921921921922,0.7738886082344026,0.7675458168448823,0.7494113272150656,0.7780808846229408
StudyQ,Q_06,StudyQ:Q_06,SE003,4212,0.7971520192284809,0.7816002712929251,0.7803114811641798,0.7437181706765664,0.7850598510268676
StudyQ,Q_07,StudyQ:Q_07,SE001,4318,0.7797000449160632,0.744438829936556,0.7675291954410196,0.765530430632755,0.7497115546572343
StudyQ,Q_07,StudyQ:Q_07,SE002,4285,0.7860860839336272,0.7790208938107013,0.7357237573020822,0.7181227824965056,0.7800974805576462
StudyQ,Q_07,StudyQ:Q_07,SE003,4315,0.8241276864728191,0.7946530411574659,0.7488305941845764,0.7204825115887062,0.8088010956595028
StudyQ,Q_08,StudyQ:Q_08,SE001,4320,0.7675014029180696,0.7512422839506173,0.6602328843995512,0.6619262065095398,0.757462822671156
StudyQ,Q_08,StudyQ:Q_08,SE002,4320,0.6841673681257014,0.6957477553310887,0.5453605499438833,0.5640004208754209,0.6942227833894501
StudyQ,Q_08,StudyQ:Q_08,SE003,4215,0.6614170275104134,0.6451731755818604,0.6258361671334102,0.6160397006565788,0.6472352799284588
StudyQ,Q_09,StudyQ:Q_09,SE001,4306,0.841730929241418,0.8272394745700871,0.7709180062005415,0.7534201427973575,0.8291527079203344
StudyQ,Q_09,StudyQ:Q_09,SE002,4314,0.7978495756758276,0.7699425335806215,0.7613099252515034,0.7378653122014275,0.7714269656606529
StudyQ,Q_09,StudyQ:Q_09,SE003,4292,0.8129492776056326,0.8112111004762946,0.7323477035896766,0.7234012036592605,0.8147190515005978
StudyQ,Q_10,StudyQ:Q_10,SE001,4320,0.7783775252525253,0.7900498035914703,0.7312471941638607,0.7107779180695848,0.790905583613917
StudyQ,Q_10,StudyQ:Q_10,SE002,4312,0.7336566776616892,0.7203724543328399,0.7147119320540022,0.6883266966240513,0.7241064400860528
StudyQ,Q_10,StudyQ:Q_10,SE003,4158,0.735932012688862,0.7159820827444819,0.7599063498899126,0.7459581546561209,0.7155339997209906
StudyQ,Q_11,StudyQ:Q_11,SE001,4133,0.8467042433597617,0.8685985140834638,0.7015303537042668,0.6702863468749757,0.8704375891666861
StudyQ,Q_11,StudyQ:Q_11,SE002,4320,0.776800645342312,0.788273709315376,0.6406565656565657,0.6431888327721661,0.7844360269360269
StudyQ,Q_11,StudyQ:Q_11,SE003,4255,0.80999398673579,0.812521163187147,0.647422031899491,0.6406717049647378,0.8125868420438093
StudyQ,Q_12,StudyQ:Q_12,SE001,3923,0.7614487278614684,0.7545548423253956,0.7329079898498756,0.7297572653475657,0.7534158074174784
StudyQ,Q_12,StudyQ:Q_12,SE002,2952,0.7516449715908635,0.7240777655007401,0.7345914713254551,0.7410751370742841,0.7224580518212157
StudyQ,Q_12,StudyQ:Q_12,SE003,3914,0.7364146476515188,0.7131866359145627,0.7415567598676323,0.7123966149432555,0.7130087503978444
StudyQ,Q_13,StudyQ:Q_13,SE001,4313,0.8606599769514012,0.8620569469038984,0.7485882733226522,0.7411586137111054,0.8675169350985188
StudyQ,Q_13,StudyQ:Q_13,SE002,4318,0.8672042557969794,0.8628270450844986,0.8275075795856494,0.816963533771265,0.8646398293189603
StudyQ,Q_13,StudyQ:Q_13,SE003,4283,0.8740252086570747,0.8767314363340853,0.8123905700843761,0.7783804301139713,0.877502707654636
StudyQ,Q_14,StudyQ:Q_14,SE001,4320,0.7591884118967454,0.7437079124579125,0.6812913860830527,0.6593216891133558,0.7434918630751964
StudyQ,Q_14,StudyQ:Q_14,SE002,4320,0.7383445566778901,0.7275413860830527,0.662047558922559,0.6652693602693602,0.7250554152637486
StudyQ,Q_14,StudyQ:Q_14,SE003,4320,0.72810746352413,0.7313131313131314,0.5969619809203143,0.6168974466891133,0.7286595117845117
StudyQ,Q_15,StudyQ:Q_15,SE001,4320,0.7874305555555555,0.7760991863075195,0.7055548540965207,0.6860402637485972,0.7756649831649833
StudyQ,Q_15,StudyQ:Q_15,SE002,4320,0.8013243546576879,0.7891680695847362,0.726705948372615,0.6988369809203143,0.7875455948372614
StudyQ,Q_15,StudyQ:Q_15,SE003,4293,0.8235098280011075,0.8210033150426269,0.6754516479382139,0.7023517636452692,0.8165517877804831
StudyQ,Q_16,StudyQ:Q_16,SE001,4319,0.7403377676742163,0.7255970924195223,0.7004560635401758,0.6719142039235496,0.723074710224243
StudyQ,Q_16,StudyQ:Q_16,SE002,4320,0.7105527497194164,0.6886489898989899,0.6657554713804714,0.6366273849607182,0.6902539281705948
StudyQ,Q_16,StudyQ:Q_16,SE003,4320,0.7624929854096523,0.7311665263748596,0.691199494949495,0.6636293490460157,0.7376683501683501
StudyQ,Q_17,StudyQ:Q_17,SE001,4311,0.73283863182705,0.7240049113033279,0.6489355553550686,0.6300142095113506,0.722874352959751
StudyQ,Q_17,StudyQ:Q_17,SE002,4269,0.6511534585090896,0.636949867482922,0.582230938645885,0.5719885027436634,0.6374832379535802
StudyQ,Q_17,StudyQ:Q_17,SE003,4320,0.7917326038159371,0.7963397867564534,0.6318090628507295,0.6217382154882155,0.7934939674523008
StudyQ,Q_18,StudyQ:Q_18,SE001,4305,0.7331121957004519,0.721777421372371,0.6676794101992498,0.6640326863916354,0.7225179194897128
StudyQ,Q_18,StudyQ:Q_18,SE002,4320,0.7755022446689114,0.7619598765432098,0.6699361672278339,0.7274508978675646,0.7625568181818182
StudyQ,Q_18,StudyQ:Q_18,SE003,4316,0.8407903606336367,0.8408535557802495,0.7648768396809347,0.7490099427030671,0.8399386304909563
StudyQ,Q_19,StudyQ:Q_19,SE001,4320,0.8219163860830527,0.8246689113355781,0.7632302188552188,0.747371632996633,0.821121632996633
StudyQ,Q_19,StudyQ:Q_19,SE002,4320,0.8227069304152639,0.8236181257014591,0.7984806397306398,0.7983438552188552,0.8196583894500561
StudyQ,Q_19,StudyQ:Q_19,SE003,4320,0.8361104096520764,0.8303128507295173,0.8337640291806958,0.8167382154882155,0.829726430976431
StudyQ,Q_20,StudyQ:Q_20,SE001,4313,0.7269920238734303,0.7041675648791181,0.704814982324588,0.6984457754426603,0.7071115882791377
StudyQ,Q_20,StudyQ:Q_20,SE002,4304,0.7084938799863019,0.6919410699344398,0.6944152006524249,0.6487765268260306,0.6911375423211216
StudyQ,Q_20,StudyQ:Q_20,SE003,4320,0.7689197530864197,0.7461272446689112,0.7170973625140291,0.6922909652076319,0.7562226430976431
StudyQ,Q_21,StudyQ:Q_21,SE001,4314,0.658298617102571,0.6343276906986326,0.5982392444245676,0.5659124763618564,0.6319950417122996
StudyQ,Q_21,StudyQ:Q_21,SE002,4320,0.7486546015712681,0.7309925645342312,0.6932267115600449,0.6704840067340068,0.7351122334455668
StudyQ,Q_21,StudyQ:Q_21,SE003,4306,0.7657908795721585,0.7510954690032908,0.64760443565262,0.6610048321315932,0.7587695742967581
StudyQ,Q_22,StudyQ:Q_22,SE001,4319,0.7554482052145602,0.741145350958435,0.6656071959810278,0.6911607869551796,0.7413375992815245
StudyQ,Q_22,StudyQ:Q_22,SE002,4318,0.700249143787547,0.680093762281736,0.6394208635113132,0.6220200999382404,0.6837326652068947
StudyQ,Q_22,StudyQ:Q_22,SE003,4309,0.8012879491291748,0.7951260516023746,0.7273360344390986,0.7353028896204384,0.7942488956416532
StudyQ,Q_23,StudyQ:Q_23,SE001,4318,0.8138088821514793,0.8197265734658357,0.8106752849362754,0.7849580315535344,0.8160673179495818
StudyQ,Q_23,StudyQ:Q_23,SE002,4161,0.844895794665111,0.8308888703702301,0.6918976658914082,0.7140311669027797,0.8379275600572731
StudyQ,Q_23,StudyQ:Q_23,SE003,4306,0.7403692909838374,0.7169602128737962,0.7615820521484484,0.7421481669200878,0.7204102607422425
StudyQ,Q_24,StudyQ:Q_24,SE001,4280,0.7760057798910089,0.7292942295574363,0.7040505413674956,0.6581971656085118,0.7432992407854571
StudyQ,Q_24,StudyQ:Q_24,SE002,4294,0.6926729035530901,0.6912328558550676,0.6444092496028129,0.6387899330420509,0.6908223284233683
StudyQ,Q_24,StudyQ:Q_24,SE003,4259,0.7159687158247434,0.6943350513065129,0.6365497824417712,0.6407889685180445,0.6979038206482537
StudyQ,Q_25,StudyQ:Q_25,SE001,4313,0.7337282650198734,0.7111334666210163,0.6253390311704378,0.625695498229641,0.7155505584415768
StudyQ,Q_25,StudyQ:Q_25,SE002,4314,0.6680885741583769,0.6429670375990558,0.5621775417298936,0.5820912718484798,0.64344826617209
StudyQ,Q_25,StudyQ:Q_25,SE003,4320,0.6108193041526375,0.5813341750841751,0.6658634960718294,0.6240488215488216,0.5814414983164983
StudyQ,Q_26,StudyQ:Q_26,SE001,4298,0.8033824405183903,0.7977164449990074,0.7046174460482659,0.6591398916711567,0.7978405127187138
StudyQ,Q_26,StudyQ:Q_26,SE002,4234,0.8103616984099249,0.802407682450929,0.7066886539693634,0.6539256800046596,0.8038703477197275
StudyQ,Q_26,StudyQ:Q_26,SE003,4279,0.81489159503547,0.8059378735614988,0.7773299195422443,0.7245237291250807,0.809582124044858
StudyQ,Q_27,StudyQ:Q_27,SE001,4308,0.8035024766407743,0.800234295845998,0.7494673815152538,0.713403411009794,0.7954548013058651
StudyQ,Q_27,StudyQ:Q_27,SE002,4320,0.8658424523007856,0.8667992424242423,0.7848863636363637,0.7675582210998878,0.8676480078563413
StudyQ,Q_27,StudyQ:Q_27,SE003,4320,0.7837927890011223,0.784986672278339,0.7310290404040405,0.7333943602693602,0.787888608305275
StudyQ,Q_28,StudyQ:Q_28,SE001,4233,0.6662646759386702,0.6449009078290607,0.6927028487451626,0.6683401715451738,0.6459677853952108
StudyQ,Q_28,StudyQ:Q_28,SE002,4277,0.622314714395501,0.6059842994735369,0.642152968807234,0.6122580459811393,0.6027529788624659
StudyQ,Q_28,StudyQ:Q_28,SE003,4213,0.6798003003672808,0.6559248189617999,0.6948521211580497,0.6650770992252903,0.6526423398908565
StudyQ,Q_29,StudyQ:Q_29,SE001,4076,0.6810409112293851,0.6695945362081823,0.5911317397273865,0.6099679315873865,0.6727013637076462
StudyQ,Q_29,StudyQ:Q_29,SE002,4120,0.6995659870537285,0.6943614205166494,0.6200463581687353,0.641232868269308,0.6913327700449149
StudyQ,Q_29,StudyQ:Q_29,SE003,4293,0.6994079773980819,0.6817644261143015,0.6294094681024753,0.6382266296593385,0.6838294066286655
StudyQ,Q_30,StudyQ:Q_30,SE001,8636,0.7409037954073325,0.7214023286171468,0.6802272822974567,0.6806955673460221,0.7224187299983156
StudyQ,Q_30,StudyQ:Q_30,SE003,4320,0.7235648148148148,0.7121338383838383,0.6267810044893379,0.6283256172839506,0.7141035353535354
StudyQ,Q_31,StudyQ:Q_31,SE001,4306,0.6844300839105705,0.659707439319705,0.6459621557695556,0.6323851157290084,0.6694430365489665
StudyQ,Q_31,StudyQ:Q_31,SE002,4293,0.7477689337401145,0.7339052150014411,0.6704664476744684,0.6861381363212165,0.7417656745425852
StudyQ,Q_31,StudyQ:Q_31,SE003,4282,0.7101015183143322,0.6998376420631947,0.6451512069796072,0.6601780584845404,0.6991568092205035
StudyQ,Q_32,StudyQ:Q_32,SE001,4253,0.627877825927752,0.5949751032917859,0.6921486709742153,0.6306572615639227,0.5991464191700328
StudyQ,Q_32,StudyQ:Q_32,SE002,4210,0.6891596278504973,0.669671184604487,0.6969335761948131,0.6846900539890594,0.6650721441454313
StudyQ,Q_32,StudyQ:Q_32,SE003,4209,0.7541828008736534,0.7479872653907379,0.7310169177803281,0.728199015288935,0.745011661052086
StudyQ,Q_33,StudyQ:Q_33,SE001,4310,0.6327067862654565,0.6300608639680093,0.6565363022936263,0.5918285910481391,0.628283520479636
StudyQ,Q_33,StudyQ:Q_33,SE002,4315,0.6708796764408493,0.6486892023962755,0.5754750725952046,0.5929387609104044,0.6447249831714318
StudyQ,Q_33,StudyQ:Q_33,SE003,4284,0.701149482825694,0.686488821254491,0.6780382560241653,0.6561613252019497,0.6910491372800293
StudyQ,Q_34,StudyQ:Q_34,SE001,4320,0.834516694725028,0.8448828563411896,0.7277413019079686,0.7253626543209876,0.8433719135802469
StudyQ,Q_34,StudyQ:Q_34,SE002,4313,0.8792963150349946,0.8893737527053995,0.7486838406835876,0.7241883801332321,0.8884925654214803
StudyQ,Q_34,StudyQ:Q_34,SE003,4320,0.8470749158249158,0.853722643097643,0.6951613355780022,0.6793006453423119,0.8530787037037038
StudyQ,Q_35,StudyQ:Q_35,SE001,4176,0.6837663124509376,0.6781388508598494,0.677976281419743,0.6428582718115881,0.6788779397032958
StudyQ,Q_35,StudyQ:Q_35,SE002,4297,0.9229868625023224,0.9237123110678064,0.8333560257615792,0.8292302586511336,0.9233811434430937
StudyQ,Q_35,StudyQ:Q_35,SE003,4304,0.8451338212398191,0.8457671817575225,0.7866831891149545,0.769879717988639,0.8491020331790532
StudyQ,Q_36,StudyQ:Q_36,SE001,4320,0.9214204545454544,0.9219170875420876,0.8537633277216611,0.856949354657688,0.9199326599326599
StudyQ,Q_36,StudyQ:Q_36,SE002,4313,0.8375426034494176,0.834242112990195,0.7844374653924026,0.7796829274822012,0.8360336065308148
StudyQ,Q_36,StudyQ:Q_36,SE003,4320,0.8272285353535354,0.8450869809203143,0.758138327721661,0.7532379349046016,0.8462100168350167
StudyR,R_01,StudyR:R_01,SE001,6019,0.9468141571831216,0.9489408687526494,0.8538494201551597,0.8656560995459887,0.946786715743515
StudyR,R_01,StudyR:R_01,SE002,6010,0.9636237414806602,0.9562609814149424,0.8791720351578562,0.8975000550537342,0.9588028394008564
StudyR,R_02,StudyR:R_02,SE001,6013,0.923258462114169,0.9336844474849002,0.8348557537698726,0.8493216714319961,0.9323173387827653
StudyR,R_02,StudyR:R_02,SE002,5994,0.9353737410475,0.9421073804052528,0.8069750055565659,0.8282773176390199,0.939399082661494
StudyR,R_03,StudyR:R_03,SE001,6025,0.9010266542721216,0.9234365628035482,0.7227846250998176,0.7196495060783434,0.9135044855819807
StudyR,R_03,StudyR:R_03,SE002,6040,0.9336740325947336,0.9386411597394256,0.7299845456005137,0.7423176008120012,0.9362323234929809
StudyR,R_04,StudyR:R_04,SE001,6042,0.8636337254295001,0.8534540576794097,0.8014651298102001,0.8185896002797411,0.8543404300446554
StudyR,R_04,StudyR:R_04,SE002,6048,0.9313146344396344,0.935364844591035,0.8490631943012896,0.860173804370233,0.9338305818960582
StudyR,R_05,StudyR:R_05,SE001,6025,0.8332079237721084,0.8399411571138184,0.7848411162867057,0.7680735579280564,0.8355610631754565
StudyR,R_05,StudyR:R_05,SE002,6046,0.8800795369272453,0.8668715952638724,0.7826095673443201,0.7992369238083783,0.8664974681078976
StudyR,R_06,StudyR:R_06,SE001,6044,0.9313406108532464,0.9316461091054954,0.8267151595897083,0.8420735201421122,0.9291304939545012
StudyR,R_06,StudyR:R_06,SE002,6016,0.9381715069356236,0.9380963631870776,0.7917047804429723,0.8088852424903217,0.9386902878150077
StudyR,R_07,StudyR:R_07,SE001,6048,0.8992003367003366,0.8936348318788795,0.816155818387961,0.8282592077234935,0.8956941151881629
StudyR,R_07,StudyR:R_07,SE002,6048,0.8724121172037839,0.8750665670308526,0.7684748562724754,0.7782831145926385,0.8715277777777778
StudyR,R_08,StudyR:R_08,SE001,5951,0.8568623501413725,0.8371186857948569,0.6757215968010266,0.7117932305305015,0.8403609289556336
StudyR,R_08,StudyR:R_08,SE002,6024,0.91758615667452,0.9178134767943744,0.7498784795066755,0.7765472133769759,0.9134365706392754
StudyR,R_09,StudyR:R_09,SE001,6047,0.9037789690414624,0.9048538983817712,0.8362814245910042,0.8297194516750713,0.9055254160116148
StudyR,R_09,StudyR:R_09,SE002,6035,0.9172265754712506,0.9112691889156744,0.7972583874913929,0.8100148206926193,0.9163065712737316
StudyR,R_10,StudyR:R_10,SE001,6048,0.9347349630087723,0.9414074131336037,0.8681593428617239,0.8732620994525757,0.9376488811012621
StudyR,R_10,StudyR:R_10,SE002,6048,0.9373117512998466,0.9416233980966124,0.8682266256671017,0.8669783148949817,0.9417790790558648
StudyR,R_11,StudyR:R_11,SE001,5697,0.769131224565084,0.7539369185199613,0.7212849032451878,0.7052496098363334,0.7510471076719671
StudyR,R_11,StudyR:R_11,SE002,6028,0.9326484531723688,0.9331907199337908,0.7960123422361758,0.8017318712161419,0.9332425357358114
StudyR,R_12,StudyR:R_12,SE001,5974,0.9087667379019612,0.9022178390087188,0.8288350685504955,0.8288655927712831,0.9022676225592889
StudyR,R_12,StudyR:R_12,SE002,5819,0.9600680830650294,0.9591516985402424,0.8351142098028544,0.8762200522154673,0.9588307333228779
StudyR,R_13,StudyR:R_13,SE001,5991,0.902235965228014,0.8955775152790959,0.7947674777948657,0.801100531178081,0.8983453857312697
StudyR,R_13,StudyR:R_13,SE002,5846,0.7938348433924264,0.7847526641682618,0.6985046985389944,0.7080779327675548,0.786261683991295
StudyR,R_14,StudyR:R_14,SE001,6043,0.9467293710660226,0.9511731057697138,0.843136129073932,0.8585777752259008,0.9519342429179437
StudyR,R_14,StudyR:R_14,SE002,6004,0.9404043327344972,0.9455916374074216,0.8535927440712489,0.8490958301707866,0.9425601429926156
StudyR,R_15,StudyR:R_15,SE001,6048,0.9455610527039098,0.9453398783755926,0.8338404595845073,0.8128725606404178,0.9496610091848188
StudyR,R_15,StudyR:R_15,SE002,6048,0.8534609129847226,0.8440184154469869,0.800418799674752,0.771027666116952,0.8450723934354887
StudyR,R_16,StudyR:R_16,SE001,6048,0.8407025899585424,0.8186257773311344,0.8341214010856867,0.8302268718935385,0.8195328425983188
StudyR,R_16,StudyR:R_16,SE002,6036,0.9014436784318488,0.8948772573307668,0.8686058239394285,0.8666569173428613,0.8949731935515051
StudyR,R_17,StudyR:R_17,SE001,5946,0.8720803440573704,0.8591517909069392,0.84353358174372,0.8313566478703381,0.8613161811758789
StudyR,R_17,StudyR:R_17,SE002,5987,0.883575996833087,0.8627786029991247,0.8236527000475764,0.840862620620526,0.867304891645814
StudyR,R_18,StudyR:R_18,SE001,6029,0.8384262840081685,0.8261381829295807,0.7856116694791307,0.7657129758512539,0.8261900831629156
StudyR,R_18,StudyR:R_18,SE002,6010,0.7012458517419068,0.6795497747571805,0.6725642817256754,0.6365203673324132,0.682520101149505
StudyR,R_19,StudyR:R_19,SE001,5761,0.8579017564034636,0.8762668922263486,0.7919417853270577,0.7757728468277105,0.8702303195613623
StudyR,R_19,StudyR:R_19,SE002,5762,0.8271552401609454,0.8325706494404627,0.8027619294605808,0.7983398560291713,0.8348535929837796
StudyR,R_20,StudyR:R_20,SE001,6041,0.7363776890839866,0.7104918341162846,0.6704148528834217,0.6553804654916294,0.714837195677506
StudyR,R_20,StudyR:R_20,SE002,6030,0.8167587278607907,0.7999999281893962,0.743623936484957,0.7330214598808519,0.8005647185886057
StudyS1,S1_01,StudyS1:S1_01,SE001,4313,0.8808064198780112,0.8837914945048768,0.7768242122719735,0.7951429294206932,0.8843810607977064
StudyS1,S1_02,StudyS1:S1_02,SE001,4320,0.7959567901234568,0.8019591750841751,0.7125119248035915,0.6858101851851851,0.8013804713804714
StudyS1,S1_03,StudyS1:S1_03,SE001,4318,0.9028521700072988,0.9156230700129134,0.8448816742462523,0.8571942900454774,0.9153009376228173
StudyS1,S1_04,StudyS1:S1_04,SE001,4320,0.9774796576879908,0.9801059203142536,0.8737661335578002,0.8984266273849607,0.9809581930415264
StudyS1,S1_05,StudyS1:S1_05,SE001,4318,0.9785179707601804,0.9828647536975448,0.7989475691295388,0.8272656849701079,0.9833896323105706
StudyS1,S1_06,StudyS1:S1_06,SE001,4319,0.9702562375459572,0.9719969969969968,0.8377361005865679,0.8684937273722321,0.9739615784008308
StudyS1,S1_07,StudyS1:S1_07,SE001,4320,0.9656067620650954,0.9773155162738496,0.7906670875420875,0.8551459034792367,0.9780990460157127
StudyS1,S1_08,StudyS1:S1_08,SE001,4320,0.9591365039281706,0.9661938832772166,0.8252279741863076,0.8553619528619529,0.9667403198653199
StudyS1,S1_09,StudyS1:S1_09,SE001,4320,0.939861812570146,0.9513439955106622,0.7774866722783391,0.8002209595959596,0.9521184062850729
StudyS1,S1_10,StudyS1:S1_10,SE001,4319,0.9600460273357472,0.963850298897028,0.8238703656927956,0.8602060003929163,0.9644207291403554
StudyS2,S2_01,StudyS2:S2_01,SE001,4320,0.9466098484848484,0.956476571268238,0.7531698933782268,0.7981712962962964,0.9581439393939394
StudyS2,S2_02,StudyS2:S2_02,SE001,4320,0.8474403759820426,0.8534006734006733,0.679817620650954,0.7058038720538721,0.8526886924803592
StudyS2,S2_03,StudyS2:S2_03,SE001,4320,0.9613874859708194,0.97133487654321,0.833543771043771,0.8461265432098766,0.9718469416386083
StudyS2,S2_04,StudyS2:S2_04,SE001,4312,0.8478766025641026,0.8556223290598292,0.6177125506072875,0.697752192982456,0.8489702822762032
StudyS2,S2_05,StudyS2:S2_05,SE001,4313,0.8898143463473592,0.8960768192933637,0.8339081429013127,0.8315611209489278,0.899268488068134
StudyS2,S2_06,StudyS2:S2_06,SE001,4319,0.9546981561000252,0.9500217507226852,0.8267498807218433,0.8541298307653448,0.9530023013667874
StudyS2,S2_07,StudyS2:S2_07,SE001,4320,0.8265326879910213,0.8069682940516274,0.7310851571268238,0.7456250000000001,0.8063994107744108
StudyS2,S2_08,StudyS2:S2_08,SE001,4320,0.7659203142536476,0.758435746352413,0.6429734848484848,0.5927202581369249,0.7560578002244669
StudyS2,S2_11,StudyS2:S2_11,SE001,4309,0.9500056273036775,0.9640267578289862,0.8862757097436762,0.8838419009031824,0.961327058889733
StudyS2,S2_12,StudyS2:S2_12,SE001,4319,0.9496021722657236,0.95742962588757,0.8533397883865175,0.874456933569083,0.9589718222895793
StudyS2,S2_13,StudyS2:S2_13,SE001,4320,0.9514134399551064,0.9585360549943882,0.8141687710437712,0.8151480078563411,0.9478079405162739
StudyS2,S2_14,StudyS2:S2_14,SE001,4311,0.8814943669437145,0.8653345719666641,0.7768296155537762,0.8177052203038129,0.868428805837177
StudyS2,S2_15,StudyS2:S2_15,SE001,4254,0.9067905741298536,0.910979605164197,0.7083835652623739,0.7075368071937749,0.9100800164362052
StudyS2,S2_16,StudyS2:S2_16,SE001,4320,0.8924593153759821,0.8954713804713806,0.7222390572390572,0.771644921436588,0.901125140291807
StudyS2,S2_17,StudyS2:S2_17,SE001,4311,0.947356438825798,0.9645763084591702,0.7618158853314989,0.7773378029388879,0.9622989805239476
StudyS2,S2_18,StudyS2:S2_18,SE001,4320,0.9194121773288442,0.9236637205387204,0.7711560044893379,0.7996499719416386,0.9221506734006734
StudyS2,S2_19,StudyS2:S2_19,SE001,4300,0.8359466453520177,0.8251752364593873,0.6589287688239245,0.7118277878398794,0.8261403478936195
StudyS2,S2_20,StudyS2:S2_20,SE001,4320,0.923510101010101,0.9332800224466892,0.8104819023569023,0.8209532828282827,0.9326269640852974
StudyS2,S2_21,StudyS2:S2_21,SE001,4310,0.8825726571108896,0.879657418981408,0.78719889679211,0.7890241813186465,0.8848956824160028
StudyS2,S2_22,StudyS2:S2_22,SE001,4320,0.946584595959596,0.9580155723905724,0.8291449214365882,0.8248611111111112,0.9607414421997754
StudyS2,S2_25,StudyS2:S2_25,SE001,4319,0.8677401700766187,0.8808025315034661,0.6625613931688697,0.6981076871263787,0.8797760377199628
StudyS2,S2_26,StudyS2:S2_26,SE001,4320,0.8913776655443323,0.8820468574635241,0.7324466891133556,0.7514429012345678,0.884378507295174
StudyS2,S2_27,StudyS2:S2_27,SE001,4314,0.9149567245546,0.9145886022593156,0.7767148597763165,0.7813220086550892,0.9185662901140897
StudyS2,S2_28,StudyS2:S2_28,SE001,4320,0.8858999719416386,0.898949214365881,0.7439127384960719,0.7538559203142536,0.8965368967452301
